"course";"prerequisites"
"COP3223";"null"
"MAC2311";"null"
"MAC2312";"MAC2311"
"PHY2048";"MAC2311"
"PHY2049";"MAC2312"
"PHY2049";"PHY2048"
"BSC2010";"null"
"BSC2011";"BSC2010"
"STA2023";"null"
"COP3330";"COP3223"
"COP3502";"COP3223"
"COP3503";"COP3223"
"ENC3241";"ENC1102"
"CDA3103";"COP3223"
"COT3100";"null"
"CIS3360";"null"
"COP3402";"COP3502"
"COT3960";"COT3100"
"COT3960";"COP3502"
"COP4331";"COP3503"
"COP4331";"COT3960"
"EEL4768";"COP3503"
"EEL4768";"COT3960"
"EEL4768";"CDA3103"
"EEL4768";"COP3402"
"COT4210";"COP3503"
"COT4210";"COT3960"
"COP4020";"COP3503"
"COP4020";"COT3960"
"COP4600";"COP3503"
"COP4600";"COT3960"
"COT4810";"COP3503"
"COT4810";"COT3960"
"COT4810";"COP3402"
"MAC2313";"MAC2312"
"MAP2302";"MAC2313"
"MAS3105";"MAC2312"
"MAS3106";"MAS3105"
"STA4163";"STA2023"
"STA4102";"STA2023"
"MAA4226";"MHF3302"
"MAA4226";"MAC2313"
"MAA4226";"MAS3106"
"MAD4203";"MAC2312"
"MAD4203";"STA2023"
"MAD4203";"MHF3302"
"CAP4104";"COP3330"
"CAP4104";"COP3502"
"CAP4453";"COP3503"
"CAP4453";"COT3960"
"CAP4453";"MAC2312"
"COP4630";"COP3503"
"CAP4630";"COT3960"
"CAP4720";"COP3503"
"CAP4720";"COT3960"
"CAP4720";"MAC2147"
"CAP5015";"COP3503"
"CAP5015";"COT3960"
"CAP5512";"COP3503"
"CAP5512";"COT3960"
"CAP5610";"CAP4630"
"CDA4527";"STA2023"
"CDA4528";"COT3960"
"CDA4529";"MAC2312"
"CDA5106";"CDA4150"
"CDA5110";"COT4210"
"CDA5110";"CDA5106"
"CEN5016";"COP4331"
"COP4516";"COP3503"
"COP4516";"COT3960"
"COP4710";"COP3503"
"COP5021";"COP4020"
"COP5021";"COT4210"
"COP5537";"COP3503"
"COP5537";"COT3960"
"COP5711";"COP3503"
"COP5711";"COT3960"
