"id";"course";"type";"title";"section_num";"class_num";"credit_hrs";"professor";"times";"room";"room_cap";"class_cap";"num_enrolled"
1;"CAP4104";"LEC";"HUMAN & TECHNOLOGY INTERACTION";"1";88892;3;"MONTAGNE EU";"M W 04:30 PM - 05:45 PM";"MSB 0360";90;90;43
2;"CAP4453";"LEC";"ROBOT VISION";"1";87840;3;"DA VI";"T R 10:30 AM - 11:45 AM";"HEC 0117";70;50;20
3;"CAP4630";"LEC";"ARTIFICIAL INTELLIGENCE";"1";87841;3;"GOMEZ FE";"T R 01:30 PM - 02:45 PM";"HEC 0117";70;70;24
4;"CAP4720";"LEC";"COMPUTER GRAPHICS";"1";87833;3;"PATTANAIK SU";"T R 07:30 PM - 08:45 PM";"HEC 0117";70;60;13
5;"CAP5415";"LEC";"COMPUTER VISION";"1";87811;3;"SHAH MU";"T R 03:00 PM - 04:15 PM";"ENGR0383";35;35;0
6;"CAP5510";"LEC";"BIOINFORMATICS";"1";88260;3;"HU HA";"M W 01:30 PM - 02:45 PM";"ENGR0227";36;35;0
7;"CAP5610";"LEC";"MACHINE LEARNING";"1";88233;3;"WIEGAND II";"T R 12:00 PM - 01:15 PM";"ENGR0383";35;30;4
8;"CAP5636";"LEC";"ADVANCED ARTIFICIAL INTELL";"1";87843;3;"GOMEZ FE";"T R 04:30 PM - 05:45 PM";"ENGR0227";36;35;3
9;"CAP5725";"LEC";"COMPUTER GRAPHICS I";"1";88811;3;"PATTANAIK SU";"T R 10:30 AM - 11:45 AM";"ENGR0227";36;30;0
10;"CAP6105";"LEC";"PEN-BASED USER INTERFACES";"1";88918;3;"LAVIOLA II";"M W 04:30 PM - 05:45 PM";"ENGR0227";36;35;0
11;"CAP6419";"LEC";"3D COMPUTER VISION";"0R01";89121;3;"FOROOSH HA";"T R 04:30 PM - 05:45 PM";"ENGR0383";35;35;0
12;"CAP6419";"LEC";"3D COMPUTER VISION";"0V71";89124;3;"FOROOSH HA";"12:00 AM - 12:00 AM";"";0;10;0
13;"CAP6419";"LEC";"3D COMPUTER VISION";"0V81";89125;3;"FOROOSH HA";"12:00 AM - 12:00 AM";"";0;10;0
14;"CAP6419";"LEC";"3D COMPUTER VISION";"0V83";89123;3;"FOROOSH HA";"12:00 AM - 12:00 AM";"";0;10;0
15;"CAP6419";"LEC";"3D COMPUTER VISION";"0V91";89126;3;"FOROOSH HA";"12:00 AM - 12:00 AM";"";0;0;0
16;"CAP6515";"LEC";"ALGORITHMS IN COMP BIOLOGY";"1";89248;3;"ZHANG SH";"T R 04:30 PM - 05:45 PM";"ENGR0286";32;30;0
17;"CAP6616";"LEC";"NEUROEVOLUTION & GENERATIVE &";"1";89297;3;"STANLEY KE";"M W 01:30 PM - 02:45 PM";"ENGR0383";35;35;2
18;"CAP6675";"LEC";"COMPLEX ADAPTIVE SYSTEMS";"1";88282;3;"WU AN";"T R 03:00 PM - 04:15 PM";"ENGR0227";36;30;2
19;"CDA3103";"LEC";"COMPUTER LOGIC A ORGANIZATION";"1";88933;3;"";"M W F 02:30 PM - 03:20 PM";"ENG20102";169;120;30
20;"CDA3103";"LAB";"COMPUTER LOGIC A ORGANIZATION";"11";88934;0;"";"F 11:30 AM - 12:20 PM";"HEC 0119";70;40;13
21;"CDA3103";"LAB";"COMPUTER LOGIC A ORGANIZATION";"12";88935;0;"";"F 12:30 PM - 01:20 PM";"HEC 0119";70;40;3
22;"CDA3103";"LAB";"COMPUTER LOGIC A ORGANIZATION";"13";88936;0;"";"F 01:30 PM - 02:20 PM";"HEC 0119";70;40;14
23;"CDA5106";"LEC";"ADV COMPUTER ARCHITECTURE";"1";87847;3;"HEINRICH MA";"M W 06:00 PM - 07:15 PM";"ENGR0227";36;36;2
24;"CDA6530";"LEC";"PERF MODELS COMP & NETWORKS";"0R01";88276;3;"ZOU CH";"T R 01:30 PM - 02:45 PM";"ENGR0227";36;35;0
25;"CDA6530";"LEC";"PERF MODELS COMP & NETWORKS";"0V61";88896;3;"ZOU CH";"12:00 AM - 12:00 AM";"";0;25;1
26;"CGS1060";"LEC";"INTRODUCTION TO COMPUTERS";"1";87857;3;"NEDOROST TH";"M 08:30 AM - 10:20 AM";"PSY 0108";378;300;2
27;"CGS1060";"LEC";"INTRODUCTION TO COMPUTERS";"2";87858;3;"NEDOROST TH";"M 01:30 PM - 03:20 PM";"PSY 0108";378;300;9
28;"CGS1060";"LEC";"INTRODUCTION TO COMPUTERS";"3";87859;3;"NEDOROST TH";"M 06:00 PM - 07:50 PM";"HEC 0125";236;200;6
29;"CGS1060";"LAB";"INTRODUCTION TO COMPUTERS";"11";87860;0;"FREUND ST";"T 10:30 AM - 11:20 AM";"ENGR0188";32;30;2
30;"CGS1060";"LAB";"INTRODUCTION TO COMPUTERS";"12";87861;0;"FREUND ST";"T 11:30 AM - 12:20 PM";"ENGR0188";32;30;2
31;"CGS1060";"LAB";"INTRODUCTION TO COMPUTERS";"13";87862;0;"FREUND ST";"T 12:30 PM - 01:20 PM";"ENGR0188";32;30;0
32;"CGS1060";"LAB";"INTRODUCTION TO COMPUTERS";"14";87863;0;"FREUND ST";"T 01:30 PM - 02:20 PM";"ENGR0188";32;30;3
33;"CGS1060";"LAB";"INTRODUCTION TO COMPUTERS";"15";87864;0;"FREUND ST";"T 02:30 PM - 03:20 PM";"ENGR0188";32;30;2
34;"CGS1060";"LAB";"INTRODUCTION TO COMPUTERS";"16";88162;0;"FREUND ST";"T 03:30 PM - 04:20 PM";"ENGR0188";32;30;0
35;"CGS1060";"LAB";"INTRODUCTION TO COMPUTERS";"17";88163;0;"FREUND ST";"T 04:30 PM - 05:20 PM";"ENGR0188";32;30;0
36;"CGS1060";"LAB";"INTRODUCTION TO COMPUTERS";"18";88164;0;"FREUND ST";"T 05:30 PM - 06:20 PM";"ENGR0188";32;30;2
37;"CGS1060";"LAB";"INTRODUCTION TO COMPUTERS";"19";87865;0;"FREUND ST";"M 08:30 AM - 09:20 AM";"ENGR0188";32;30;0
38;"PHY2049";"LAB";"Physics for Engineers and Scientists II";"0011";90510;0;"Staff";"M 08:30AM - 11:20AM";"";0;0;0
39;"CGS1060";"LAB";"INTRODUCTION TO COMPUTERS";"20";87866;0;"FREUND ST";"M 09:30 AM - 10:20 AM";"ENGR0188";32;30;0
40;"CGS1060";"LAB";"INTRODUCTION TO COMPUTERS";"22";87867;0;"FREUND ST";"M 10:30 AM - 11:20 AM";"ENGR0188";32;30;1
41;"CGS1060";"LAB";"INTRODUCTION TO COMPUTERS";"24";87868;0;"FREUND ST";"M 11:30 AM - 12:20 PM";"ENGR0188";32;30;1
42;"CGS1060";"LAB";"INTRODUCTION TO COMPUTERS";"26";87869;0;"FREUND ST";"M 12:30 PM - 01:20 PM";"ENGR0188";32;30;0
43;"CGS1060";"LAB";"INTRODUCTION TO COMPUTERS";"28";87870;0;"FREUND ST";"M 01:30 PM - 02:20 PM";"ENGR0188";32;30;0
44;"CGS1060";"LAB";"INTRODUCTION TO COMPUTERS";"30";87871;0;"FREUND ST";"M 02:30 PM - 03:20 PM";"ENGR0188";32;30;0
45;"CGS1060";"LAB";"INTRODUCTION TO COMPUTERS";"32";88958;0;"FREUND ST";"M 03:30 PM - 04:20 PM";"ENGR0188";32;30;0
46;"CGS1060";"LAB";"INTRODUCTION TO COMPUTERS";"35";87872;0;"FREUND ST";"M 04:30 PM - 05:20 PM";"ENGR0187";32;30;1
47;"CGS1060";"LAB";"INTRODUCTION TO COMPUTERS";"38";87873;0;"FREUND ST";"R 10:30 AM - 11:20 AM";"ENGR0188";32;30;0
48;"CGS1060";"LAB";"INTRODUCTION TO COMPUTERS";"39";87874;0;"FREUND ST";"R 11:30 AM - 12:20 PM";"ENGR0188";32;30;0
49;"CGS1060";"LAB";"INTRODUCTION TO COMPUTERS";"40";87875;0;"FREUND ST";"R 12:30 PM - 01:20 PM";"ENGR0188";32;30;0
50;"CGS1060";"LAB";"INTRODUCTION TO COMPUTERS";"41";87876;0;"FREUND ST";"R 01:30 PM - 02:20 PM";"ENGR0188";32;30;2
51;"CGS1060";"LAB";"INTRODUCTION TO COMPUTERS";"42";88959;0;"FREUND ST";"R 02:30 PM - 03:20 PM";"ENGR0188";32;30;0
52;"CGS1060";"LAB";"INTRODUCTION TO COMPUTERS";"43";88960;0;"FREUND ST";"R 03:30 PM - 04:20 PM";"ENGR0188";32;30;1
53;"CGS1060";"LEC";"INTRODUCTION TO COMPUTERS";"0W61";88253;3;"NEDOROST TH";"12:00 AM - 12:00 AM";"";0;200;6
54;"CGS2100";"LEC";"COMPUTER FUND FOR BUSINESS";"1";87878;3;"ABDALLAH NA";"W 08:30 AM - 10:20 AM";"PSY 0108";378;350;5
55;"CGS2100";"LEC";"COMPUTER FUND FOR BUSINESS";"2";87879;3;"ABDALLAH NA";"W 01:30 PM - 03:20 PM";"PSY 0108";378;350;14
56;"CGS2100";"LEC";"COMPUTER FUND FOR BUSINESS";"3";87880;3;"ABDALLAH NA";"W 03:30 PM - 05:20 PM";"COMM0101";300;300;1
57;"CGS2100";"LEC";"COMPUTER FUND FOR BUSINESS";"4";88241;3;"";"W 06:00 PM - 07:50 PM";"HEC 0125";236;230;3
58;"CGS2100";"LAB";"COMPUTER FUND FOR BUSINESS";"11";87881;0;"FREUND ST";"T 10:30 AM - 11:20 AM";"ENGR0187";32;30;2
59;"CGS2100";"LAB";"COMPUTER FUND FOR BUSINESS";"12";87882;0;"FREUND ST";"T 11:30 AM - 12:20 PM";"ENGR0187";32;30;4
60;"CGS2100";"LAB";"COMPUTER FUND FOR BUSINESS";"13";87883;0;"FREUND ST";"T 12:30 PM - 01:20 PM";"ENGR0187";32;30;0
61;"CGS2100";"LAB";"COMPUTER FUND FOR BUSINESS";"14";87884;0;"FREUND ST";"T 01:30 PM - 02:20 PM";"ENGR0187";32;30;5
62;"CGS2100";"LAB";"COMPUTER FUND FOR BUSINESS";"15";87885;0;"FREUND ST";"T 02:30 PM - 03:20 PM";"ENGR0187";32;30;2
63;"CGS2100";"LAB";"COMPUTER FUND FOR BUSINESS";"16";88165;0;"FREUND ST";"T 03:30 PM - 04:20 PM";"ENGR0187";32;30;0
64;"CGS2100";"LAB";"COMPUTER FUND FOR BUSINESS";"17";88166;0;"FREUND ST";"T 04:30 PM - 05:20 PM";"ENGR0187";32;30;0
65;"CGS2100";"LAB";"COMPUTER FUND FOR BUSINESS";"18";88167;0;"FREUND ST";"T 05:30 PM - 06:20 PM";"ENGR0187";32;30;0
66;"CGS2100";"LAB";"COMPUTER FUND FOR BUSINESS";"19";87886;0;"FREUND ST";"R 10:30 AM - 11:20 AM";"ENGR0187";32;30;1
67;"CGS2100";"LAB";"COMPUTER FUND FOR BUSINESS";"20";87887;0;"FREUND ST";"R 11:30 AM - 12:20 PM";"ENGR0187";32;30;1
68;"CGS2100";"LAB";"COMPUTER FUND FOR BUSINESS";"21";87888;0;"FREUND ST";"R 12:30 PM - 01:20 PM";"ENGR0187";32;30;0
69;"CGS2100";"LAB";"COMPUTER FUND FOR BUSINESS";"22";87889;0;"FREUND ST";"R 01:30 PM - 02:20 PM";"ENGR0187";32;30;0
70;"CGS2100";"LAB";"COMPUTER FUND FOR BUSINESS";"23";87890;0;"FREUND ST";"R 02:30 PM - 03:20 PM";"ENGR0187";32;30;1
71;"CGS2100";"LAB";"COMPUTER FUND FOR BUSINESS";"24";87891;0;"FREUND ST";"R 03:30 PM - 04:20 PM";"ENGR0187";32;30;0
72;"CGS2100";"LAB";"COMPUTER FUND FOR BUSINESS";"25";87892;0;"FREUND ST";"R 04:30 PM - 05:20 PM";"ENGR0187";32;30;0
73;"CGS2100";"LAB";"COMPUTER FUND FOR BUSINESS";"29";87893;0;"FREUND ST";"W 08:30 AM - 09:20 AM";"ENGR0187";32;30;0
74;"CGS2100";"LAB";"COMPUTER FUND FOR BUSINESS";"30";87894;0;"FREUND ST";"W 09:30 AM - 10:20 AM";"ENGR0187";32;30;0
75;"CGS2100";"LAB";"COMPUTER FUND FOR BUSINESS";"31";87895;0;"FREUND ST";"W 09:30 AM - 10:20 AM";"ENGR0188";32;30;0
76;"PHY2049";"LAB";"Physics for Engineers and Scientists II";"0006";86588;0;"Staff";"M W F 02:30PM - 03:20PM";"";0;0;0
77;"CGS2100";"LAB";"COMPUTER FUND FOR BUSINESS";"32";87896;0;"FREUND ST";"W 10:30 AM - 11:20 AM";"ENGR0187";32;30;0
78;"CGS2100";"LAB";"COMPUTER FUND FOR BUSINESS";"33";87897;0;"FREUND ST";"W 10:30 AM - 11:20 AM";"ENGR0188";32;30;0
79;"CGS2100";"LAB";"COMPUTER FUND FOR BUSINESS";"34";87898;0;"FREUND ST";"W 11:30 AM - 12:20 PM";"ENGR0187";32;30;0
80;"CGS2100";"LAB";"COMPUTER FUND FOR BUSINESS";"35";87899;0;"FREUND ST";"W 11:30 AM - 12:20 PM";"ENGR0188";32;30;0
81;"CGS2100";"LAB";"COMPUTER FUND FOR BUSINESS";"36";87900;0;"FREUND ST";"W 12:30 PM - 01:20 PM";"ENGR0187";32;30;2
82;"CGS2100";"LAB";"COMPUTER FUND FOR BUSINESS";"37";87901;0;"FREUND ST";"W 12:30 PM - 01:20 PM";"ENGR0188";32;30;0
83;"CGS2100";"LAB";"COMPUTER FUND FOR BUSINESS";"38";87902;0;"FREUND ST";"W 01:30 PM - 02:20 PM";"ENGR0187";32;30;0
84;"CGS2100";"LAB";"COMPUTER FUND FOR BUSINESS";"39";87903;0;"FREUND ST";"W 01:30 PM - 02:20 PM";"ENGR0188";32;30;0
85;"CGS2100";"LAB";"COMPUTER FUND FOR BUSINESS";"40";87904;0;"FREUND ST";"W 02:30 PM - 03:20 PM";"ENGR0187";32;30;0
86;"CGS2100";"LAB";"COMPUTER FUND FOR BUSINESS";"41";88961;0;"FREUND ST";"W 02:30 PM - 03:20 PM";"ENGR0188";32;30;0
87;"CGS2100";"LAB";"COMPUTER FUND FOR BUSINESS";"42";87905;0;"FREUND ST";"W 03:30 PM - 04:20 PM";"ENGR0187";32;30;2
88;"CGS2100";"LAB";"COMPUTER FUND FOR BUSINESS";"43";87906;0;"FREUND ST";"W 03:30 PM - 04:20 PM";"ENGR0188";32;30;1
89;"CGS2100";"LAB";"COMPUTER FUND FOR BUSINESS";"44";87907;0;"FREUND ST";"W 04:30 PM - 05:20 PM";"ENGR0187";32;30;1
90;"CGS2100";"LAB";"COMPUTER FUND FOR BUSINESS";"45";87908;0;"FREUND ST";"W 04:30 PM - 05:20 PM";"ENGR0188";32;30;0
91;"CGS2100";"LAB";"COMPUTER FUND FOR BUSINESS";"111";88272;0;"FREUND ST";"T 09:30 AM - 10:20 AM";"ENGR0187";32;30;1
92;"CGS2100";"LAB";"COMPUTER FUND FOR BUSINESS";"112";88273;0;"FREUND ST";"R 09:30 AM - 10:20 AM";"ENGR0187";32;30;0
93;"CGS2100";"LEC";"COMPUTER FUND FOR BUSINESS";"0W61";87877;3;"ABDALLAH NA";"12:00 AM - 01:00 AM";"";0;300;20
94;"CGS2545";"LEC";"DATABASE CONCEPTS";"1";87909;3;"LLEWELLYN MA";"M W F 03:30 PM - 04:20 PM";"HPA 0112";172;172;8
95;"CGS2545";"LAB";"DATABASE CONCEPTS";"11";88099;0;"LLEWELLYN MA";"F 08:30 AM - 09:20 AM";"ENGR0188";32;29;2
96;"CGS2545";"LAB";"DATABASE CONCEPTS";"12";88100;0;"LLEWELLYN MA";"F 09:30 AM - 10:20 AM";"ENGR0187";32;29;0
97;"CGS2545";"LAB";"DATABASE CONCEPTS";"13";89155;0;"LLEWELLYN MA";"F 10:30 AM - 11:20 AM";"ENGR0187";32;29;2
98;"CGS2545";"LAB";"DATABASE CONCEPTS";"14";91068;0;"LLEWELLYN MA";"F 11:30 AM - 12:20 PM";"ENGR0187";32;29;1
99;"CGS2545";"LAB";"DATABASE CONCEPTS";"15";91069;0;"LLEWELLYN MA";"F 12:30 PM - 01:20 PM";"ENGR0187";32;28;2
100;"CGS2545";"LAB";"DATABASE CONCEPTS";"16";91070;0;"LLEWELLYN MA";"F 01:30 PM - 02:20 PM";"ENGR0187";32;28;1
101;"CGS3175";"LEC";"INTERNET APPLICATIONS";"1";87910;3;"";"T R 07:30 PM - 08:45 PM";"MSB 0360";90;90;16
102;"CGS3269";"LEC";"COMPUTER ARCHITECTURE CONCEPTS";"1";87911;3;"MONTAGNE EU";"T R 06:00 PM - 07:15 PM";"HPA 0125";100;100;9
103;"CGS3763";"LEC";"OPERATING SYSTEM CONCEPTS";"1";88937;3;"MONTAGNE EU";"M W F 03:30 PM - 04:20 PM";"MSB 0360";90;90;8
104;"CGS5131";"LEC";"COMP FORENSIC I: SEIZURE & EXA";"1";87913;3;"LANG SH";"T 06:00 PM - 08:50 PM";"ENGR0227";36;0;0
105;"CGS5131";"LEC";"COMP FORENSIC I: SEIZURE & EXA";"0W61";88242;3;"LANG SH";"12:00 AM - 12:00 AM";"";0;0;0
106;"CIS3003";"LEC";"FUND INFORMATION TECHNOLOGY";"1";88281;3;"";"M W F 10:30 AM - 11:20 AM";"HEC 0117";70;70;9
107;"CIS3360";"LEC";"SECURITY IN COMPUTING";"1";89166;3;"GUHA AR";"M W 04:30 PM - 05:45 PM";"MSB 0359";90;90;20
108;"CIS3360";"LEC";"SECURITY IN COMPUTING";"0R02";89107;3;"GUHA RA";"12:00 AM - 12:00 AM";"";0;70;8
109;"CIS3360";"LEC";"SECURITY IN COMPUTING";"0R03";89525;3;"GUHA RA";"12:00 AM - 12:00 AM";"";0;70;1
110;"CIS3362";"LEC";"CRYPTOGRAPHY AND INFO SECURITY";"1";88230;3;"GUHA AR";"M W F 11:30 AM - 12:20 PM";"HEC 0117";70;70;13
111;"CIS4004";"LEC";"WEB BASED INFO TECHNOLOGY";"1";88274;3;"LLEWELLYN MA";"T R 12:00 PM - 01:15 PM";"HEC 0117";70;70;36
112;"CIS4313";"LEC";"MANAGING IT INTEGRATION";"0R01";89154;3;"EISLER AN";"12:00 AM - 12:00 AM";"";0;80;21
113;"CIS6207";"LEC";"PRACTICE OF DIGITAL FORENSICS";"0V61";88650;3;"LANG SH";"12:00 AM - 12:00 AM";"";0;35;6
114;"PHY2049";"LAB";"Physics for Engineers and Scientists II";"0005";86587;0;"Staff";"M W F 1:30PM - 2:20PM";"";0;0;0
115;"CIS6386";"LEC";"OPERATING SYS & FILE SYS FOREN";"0V61";89250;3;"PURCELL DA";"12:00 AM - 12:00 AM";"";0;35;1
116;"CIS6395";"LEC";"INCIDENT RESPONSE TECHNOLOGIES";"0V61";89202;3;"GRIMES ST";"12:00 AM - 12:00 AM";"";0;35;11
117;"CNT3004";"LEC";"COMPUTER NETWORK CONCEPTS";"1";87912;3;"BASSIOUNI MO";"T R 09:00 AM - 10:15 AM";"HEC 0117";70;70;15
118;"CNT4603";"LEC";"SYSTEM ADMIN & MAINTENACE";"1";88996;3;"LLEWELLYN MA";"M W F 03:30 PM - 04:20 PM";"HEC 0117";70;70;39
119;"CNT4703";"LAB";"DESIGN & IMPL COMP COM NETWK";"11";88093;0;"EISLER AN";"T 04:30 PM - 06:20 PM";"HEC 0322";40;25;16
120;"CNT4703";"LAB";"DESIGN & IMPL COMP COM NETWK";"12";88094;0;"EISLER AN";"R 11:00 AM - 12:50 PM";"HEC 0322";40;25;9
121;"CNT4703";"LEC";"DESIGN & IMPL COMP COM NETWK";"0R01";88092;3;"EISLER AN";"12:00 AM - 12:00 AM";"";0;50;25
122;"CNT4704";"LEC";"ANALYSIS COMPUTER COM NETWORKS";"0R01";88153;3;"ZOU CH";"M W 12:00 PM - 01:15 PM";"COMM0209";45;45;3
123;"CNT4704";"LEC";"ANALYSIS COMPUTER COM NETWORKS";"0V61";88897;3;"ZOU CH";"12:00 AM - 12:00 AM";"";0;50;13
124;"CNT4714";"LEC";"ENTERPRISE COMPUTING";"1";88275;3;"LLEWELLYN MA";"M W F 12:30 PM - 01:20 PM";"HEC 0117";70;70;31
125;"CNT5008";"LEC";"COMPUTER COM NETWORKS ARCH";"0R01";87848;3;"BASSIOUNI MO";"M W 06:00 PM - 07:15 PM";"ENGR0388";49;35;0
126;"CNT5008";"LEC";"COMPUTER COM NETWORKS ARCH";"0V61";89469;3;"BASSIOUNI MO";"12:00 AM - 12:00 AM";"";0;25;0
127;"CNT6519";"LEC";"WIRELESS SECURITY & FORENSICS";"1";88922;3;"GUHA RA";"M W 01:30 PM - 02:45 PM";"HEC 0110";60;50;1
128;"COP2500";"LEC";"CONCEPTS IN COMPUTER SCIENCE";"1";87914;4;"MONTAGNE EU";"M W F 08:30 AM - 09:20 AM";"HPA 0119";218;210;8
129;"COP2500";"LAB";"CONCEPTS IN COMPUTER SCIENCE";"11";88095;0;"MONTAGNE EU";"F 12:30 PM - 01:20 PM";"ENGR0188";32;30;3
130;"COP2500";"LAB";"CONCEPTS IN COMPUTER SCIENCE";"12";88096;0;"MONTAGNE EU";"F 01:30 PM - 02:20 PM";"ENGR0188";32;30;0
131;"COP2500";"LAB";"CONCEPTS IN COMPUTER SCIENCE";"13";88097;0;"MONTAGNE EU";"F 09:30 AM - 10:20 AM";"ENGR0188";32;30;4
132;"COP2500";"LAB";"CONCEPTS IN COMPUTER SCIENCE";"14";88108;0;"MONTAGNE EU";"F 10:30 AM - 11:20 AM";"ENGR0188";32;30;0
133;"COP2500";"LAB";"CONCEPTS IN COMPUTER SCIENCE";"15";88139;0;"MONTAGNE EU";"F 11:30 AM - 12:20 PM";"ENGR0188";32;30;1
134;"COP2500";"LAB";"CONCEPTS IN COMPUTER SCIENCE";"16";91083;0;"MONTAGNE EU";"F 02:30 PM - 03:20 PM";"ENGR0188";32;30;0
135;"COP2500";"LAB";"CONCEPTS IN COMPUTER SCIENCE";"17";91084;0;"MONTAGNE EU";"F 03:30 PM - 04:20 PM";"ENGR0188";32;30;0
136;"COP3223";"LEC";"INTRO TO PROGRAMMING WITH C";"1";87915;3;"TAPPEN MA";"M W F 01:30 PM - 02:20 PM";"CL1 0104";291;250;8
137;"COP3223";"LEC";"INTRO TO PROGRAMMING WITH C";"2";87916;3;"DA VI";"T R 10:30 AM - 11:45 AM";"CL1 0104";291;250;11
138;"COP3223";"LEC";"INTRO TO PROGRAMMING WITH C";"3";89152;3;"";"M W 07:30 PM - 08:45 PM";"CL1 0104";291;250;3
139;"COP3223";"LEC";"INTRO TO PROGRAMMING WITH C";"0R04";88144;3;"GUHA AR";"12:00 AM - 12:00 AM";"";0;200;12
140;"COP3223";"LEC";"HONORS INTRO PROG WITH C";"201";89103;3;"GUHA AR";"M W F 12:30 PM - 01:20 PM";"ENGR0383";35;6;4
141;"COP3223";"LEC";"HONORS INTRO PROG WITH C";"202";89258;3;"GONZALEZ AV";"M W F 08:30 AM - 09:20 AM";"ENGR0383";35;6;1
142;"COP3330";"LEC";"OBJECT ORIENTED PROGRAMMING";"1";87917;3;"";"M W F 12:30 PM - 01:20 PM";"HEC 0125";236;236;35
143;"COP3330";"LEC";"OBJECT ORIENTED PROGRAMMING";"0R02";89259;3;"EISLER AN";"12:00 AM - 12:00 AM";"";0;180;29
144;"COP3330";"LEC";"OBJECT ORIENTED PROGRAMMING";"0V50";89542;3;"EISLER AN";"12:00 AM - 12:00 AM";"";0;0;0
145;"COP3330";"LEC";"OBJECT ORIENTED PROGRAMMING";"0V70";89543;3;"EISLER AN";"12:00 AM - 12:00 AM";"";0;0;0
146;"COP3330";"LEC";"OBJECT ORIENTED PROGRAMMING";"0V80";89545;3;"EISLER AN";"12:00 AM - 12:00 AM";"";0;0;0
147;"COP3330";"LEC";"OBJECT ORIENTED PROGRAMMING";"0V81";89544;3;"EISLER AN";"12:00 AM - 12:00 AM";"";0;0;0
148;"COP3402";"LEC";"SYSTEMS SOFTWARE";"1";87918;3;"";"M W 07:30 PM - 08:45 PM";"ENG20102";169;150;23
149;"COP3402";"LAB";"SYSTEMS SOFTWARE";"11";87919;0;"";"M 06:30 PM - 07:20 PM";"ENG20302";75;50;16
150;"COP3402";"LAB";"SYSTEMS SOFTWARE";"12";87920;0;"";"W 03:30 PM - 04:20 PM";"HEC 0111";60;50;3
151;"COP3402";"LAB";"SYSTEMS SOFTWARE";"13";87921;0;"";"W 06:30 PM - 07:20 PM";"MSB 0336";70;50;4
152;"PHY2049";"LAB";"Physics for Engineers and Scientists II";"0004";86205;0;"Staff";"M W F 10:30AM - 11:20AM";"";0;0;0
153;"COP3502";"LEC";"COMPUTER SCIENCE I";"1";87922;3;"";"M W F 09:30 AM - 10:20 AM";"COMM0101";300;300;64
154;"COP3502";"LAB";"COMPUTER SCIENCE I";"11";88123;0;"APPLEGATE SA";"M 10:30 AM - 11:20 AM";"HEC 0110";60;50;49
155;"COP3502";"LAB";"COMPUTER SCIENCE I";"12";88124;0;"";"M 11:30 AM - 12:20 PM";"CL1 0319";75;50;4
156;"COP3502";"LAB";"COMPUTER SCIENCE I";"13";88125;0;"";"M 01:30 PM - 02:20 PM";"HEC 0103";65;50;3
157;"COP3502";"LAB";"COMPUTER SCIENCE I";"14";88126;0;"";"M 02:30 PM - 03:20 PM";"ENGR0435";66;50;4
158;"COP3502";"LAB";"COMPUTER SCIENCE I";"15";88280;0;"";"M 04:30 PM - 05:20 PM";"HEC 0111";60;50;3
159;"COP3502";"LAB";"COMPUTER SCIENCE I";"16";88812;0;"";"M 05:30 PM - 06:20 PM";"ENGR0327";63;50;1
160;"COP3503";"LEC";"COMPUTER SCIENCE II";"1";87923;3;"JHA SU";"M W 04:30 PM - 05:45 PM";"HEC 0125";236;200;29
161;"COP3503";"LAB";"COMPUTER SCIENCE II";"11";87924;0;"JHA SU";"W 10:30 AM - 11:20 AM";"BA2 0207";61;50;6
162;"COP3503";"LAB";"COMPUTER SCIENCE II";"12";87925;0;"JHA SU";"W 12:30 PM - 01:20 PM";"HEC 0111";60;50;6
163;"COP3503";"LAB";"COMPUTER SCIENCE II";"13";87926;0;"JHA SU";"W 02:30 PM - 03:20 PM";"BA 0220";50;50;0
164;"COP3503";"LAB";"COMPUTER SCIENCE II";"14";87927;0;"JHA SU";"W 03:30 PM - 04:20 PM";"HEC 0103";65;50;17
165;"COP3503";"LEC";"HONORS COMPUTER SCIENCE II";"201";88154;3;"LAVIOLA II";"M W F 11:30 AM - 12:20 PM";"ENGR0383";35;20;11
166;"COP4020";"LEC";"PROGRAMMING LANGUAGES I";"1";87929;3;"MONTAGNE EU";"T R 04:30 PM - 05:45 PM";"CL1 0309";78;78;26
167;"COP4331";"LEC";"PROC OBJECT ORIENTED SOFTWARE";"1";87930;3;"TURGUT DA";"M W 12:00 PM - 01:15 PM";"ENG20102";169;140;27
168;"COP4331";"LAB";"PROC OBJECT ORIENTED SOFTWARE";"11";88229;0;"TURGUT DA";"F 02:30 PM - 03:20 PM";"HEC 0118";70;70;20
169;"COP4331";"LAB";"PROC OBJECT ORIENTED SOFTWARE";"12";89106;0;"TURGUT DA";"F 03:30 PM - 04:20 PM";"HEC 0118";70;70;7
170;"COP4600";"LEC";"OPERATING SYSTEMS";"1";87931;3;"BOLONI LA";"M W 04:30 PM - 05:45 PM";"HPA 0125";100;100;41
171;"COP4710";"LEC";"DATABASE SYSTEMS";"1";87932;3;"LLEWELLYN MA";"T R 06:00 PM - 07:15 PM";"HEC 0117";70;70;42
172;"COP4910";"LEC";"FRONTIERS IN INFO TECHNOLOGY";"1";88917;3;"OROOJI AL";"M W F 09:30 AM - 10:20 AM";"ENGR0227";36;36;23
173;"COP4934";"LEC";"SENIOR DESIGN I";"1";91131;3;"";"M W 03:00 PM - 04:15 PM";"ENGR0227";36;35;4
174;"COP5537";"LEC";"NETWORK OPTIMIZATION";"1";89153;3;"DEO NA";"M W 04:30 PM - 05:45 PM";"ENGR0383";35;31;1
175;"COP5711";"LEC";"PARALLEL & DIST DB SYSTEMS";"1";91129;3;"HUA KI";"T R 07:30 PM - 08:45 PM";"ENGR0383";35;35;2
176;"COP6616";"LEC";"MULTICORE PROGRAMMING";"1";89249;3;"DECHEV DA";"M W 04:30 PM - 05:45 PM";"ENG20205";50;50;1
177;"COT3100";"LEC";"INTRO TO DISCRETE STRUCTURES";"1";87935;3;"ZHANG SH";"T R 09:00 AM - 10:15 AM";"MSB 0260";295;295;25
178;"COT3100";"LAB";"INTRO TO DISCRETE STRUCTURES";"11";87936;0;"ZHANG SH";"T 04:30 PM - 05:20 PM";"HEC 0103";65;50;2
179;"COT3100";"LAB";"INTRO TO DISCRETE STRUCTURES";"12";87937;0;"ZHANG SH";"T 12:30 PM - 01:20 PM";"ENG20205";50;50;15
180;"COT3100";"LAB";"INTRO TO DISCRETE STRUCTURES";"13";87938;0;"ZHANG SH";"R 12:30 PM - 01:20 PM";"ENG20205";50;50;1
181;"COT3100";"LAB";"INTRO TO DISCRETE STRUCTURES";"14";87939;0;"ZHANG SH";"R 04:30 PM - 05:20 PM";"HEC 0103";65;50;3
182;"COT3100";"LAB";"INTRO TO DISCRETE STRUCTURES";"15";88301;0;"ZHANG SH";"R 05:30 PM - 06:20 PM";"MSB 0336";70;50;1
183;"COT3100";"LAB";"INTRO TO DISCRETE STRUCTURES";"16";88813;0;"ZHANG SH";"R 03:30 PM - 04:20 PM";"BA 0116";72;45;3
184;"COT4210";"LEC";"DISCRETE STRUCTURES II";"1";87941;3;"HUGHES CH";"T R 04:30 PM - 05:45 PM";"HEC 0117";70;70;25
185;"COT4810";"LEC";"TOPICS IN COMPUTER SCIENCE";"1";87942;3;"";"M W F 08:30 AM - 09:20 AM";"ENGR0227";36;36;30
186;"COT5405";"LEC";"DESIGN & ANALYSIS ALGORITHMS";"1";87943;3;"";"M W 01:30 PM - 02:45 PM";"HEC 0117";70;45;2
187;"COT6600";"LEC";"QUANTUM COMPUTING";"1";87834;3;"WOCJAN PA";"M W 01:30 PM - 02:45 PM";"BA 0214";44;35;0
188;"EEE3307";"LEC";"ELECTRONICS I";"1";87954;4;"LIOU JU";"M W 12:00 PM - 01:15 PM";"HEC 0118";70;70;25
189;"EEE3307";"LEC";"ELECTRONICS I";"2";89611;4;"LIOU JU";"T R 04:30 PM - 05:45 PM";"HEC 0110";60;60;18
190;"PHY2049";"LEC";"Physics for Engineers and Scientists II";"0003";86204;4;"Jeffrey Bindell";"M W F 09:30AM - 10:20AM";"MSB 0350";0;0;0
191;"EEE3307";"LAB";"ELECTRONICS I";"11";88769;0;"LIOU JU";"M 09:00 AM - 11:50 AM";"ENGR0474";40;33;15
192;"EEE3307";"LAB";"ELECTRONICS I";"12";87955;0;"LIOU JU";"T 12:00 PM - 02:50 PM";"ENGR0474";40;33;15
193;"EEE3307";"LAB";"ELECTRONICS I";"13";89612;0;"LIOU JU";"W 09:00 AM - 11:50 AM";"ENGR0474";40;32;6
194;"EEE3307";"LAB";"ELECTRONICS I";"14";90642;0;"LIOU JU";"R 12:00 PM - 02:50 PM";"ENGR0474";40;32;7
195;"EEE3342";"LEC";"DIGITAL SYSTEMS";"1";87956;3;"SUBOH SU";"M W 10:30 AM - 11:45 AM";"HEC 0118";70;70;9
196;"EEE3342";"LEC";"DIGITAL SYSTEMS";"2";90643;3;"SUBOH SU";"T R 03:00 PM - 04:15 PM";"HEC 0118";70;70;9
197;"EEE3342";"LAB";"DIGITAL SYSTEMS";"11";87957;0;"SUBOH SU";"M 12:00 PM - 02:50 PM";"ENGR0257";40;35;5
198;"EEE3342";"LAB";"DIGITAL SYSTEMS";"12";87958;0;"SUBOH SU";"T 06:00 PM - 08:50 PM";"ENGR0257";40;35;4
199;"EEE3342";"LAB";"DIGITAL SYSTEMS";"13";87959;0;"SUBOH SU";"W 12:00 PM - 02:50 PM";"ENGR0257";40;35;7
200;"EEE3342";"LAB";"DIGITAL SYSTEMS";"14";89245;0;"SUBOH SU";"R 06:00 PM - 08:50 PM";"ENGR0257";40;35;2
201;"EEE3342";"LEC";"DIGITAL SYSTEMS";"50";89511;3;"ELASHHAB SH";"R 09:00 AM - 11:50 AM";"VW110128";30;24;1
202;"EEE3350";"LEC";"SEMICONDUCTOR DEVICES I";"1";87953;3;"MALOCHA DO";"T R 10:30 AM - 11:45 AM";"HEC 0110";60;60;26
203;"EEE4309";"LEC";"ELECTRONICS II";"1";87967;4;"CHAN CH";"M W 12:00 PM - 01:15 PM";"ENG20302";75;70;45
204;"EEE4309";"LAB";"ELECTRONICS II";"11";87968;0;"CHAN CH";"M 03:00 PM - 05:50 PM";"ENGR0474";40;35;20
205;"EEE4309";"LAB";"ELECTRONICS II";"12";88105;0;"CHAN CH";"W 03:00 PM - 05:50 PM";"ENGR0474";40;35;25
206;"EEE4314";"LEC";"DEVICE ELECT INTERGR CIRCUITS";"1";87832;3;"YUAN JI";"M W 12:00 PM - 01:15 PM";"ENGR0227";36;36;0
207;"EEE5352";"LEC";"SEMICONDCT MATRL & DEVICE CHAR";"0R01";90814;3;"SUNDARAM KA";"M W 03:00 PM - 04:15 PM";"ENG20103";58;30;1
208;"EEE5352";"LEC";"SEMICONDCT MATRL & DEVICE CHAR";"0V71";90816;3;"SUNDARAM KA";"";"";0;10;0
209;"EEE5352";"LEC";"SEMICONDCT MATRL & DEVICE CHAR";"0V81";90817;3;"SUNDARAM KA";"";"";0;10;0
210;"EEE5352";"LEC";"SEMICONDCT MATRL & DEVICE CHAR";"0V83";90815;3;"SUNDARAM KA";"";"";0;25;0
211;"EEE5352";"LEC";"SEMICONDCT MATRL & DEVICE CHAR";"0V91";90818;3;"SUNDARAM KA";"";"";0;0;0
212;"EEE5356";"LEC";"FABRICAT OF SOLID STATE";"1";89546;4;"MALOCHA DO";"T R 01:30 PM - 02:50 PM";"ENGR0383";35;10;2
213;"EEE5356";"LAB";"FABRICAT OF SOLID STATE";"11";89547;0;"MALOCHA DO";"T 03:00 PM - 05:50 PM";"ENGR0163";10;5;2
214;"EEE5356";"LAB";"FABRICAT OF SOLID STATE";"12";89548;0;"MALOCHA DO";"R 03:00 PM - 05:50 PM";"ENGR0163";10;5;0
215;"EEE5378";"LEC";"CMOS ANALOG & DIG CIRCUIT DSGN";"0R01";88131;3;"YUAN JI";"M W 03:00 PM - 04:15 PM";"ENGR0386A";40;30;0
216;"EEE5378";"LEC";"CMOS ANALOG & DIG CIRCUIT DSGN";"0V71";88128;3;"YUAN JI";"12:00 AM - 01:00 AM";"";0;10;0
217;"EEE5378";"LEC";"CMOS ANALOG & DIG CIRCUIT DSGN";"0V81";88129;3;"YUAN JI";"12:00 AM - 01:00 AM";"";0;10;0
218;"EEE5378";"LEC";"CMOS ANALOG & DIG CIRCUIT DSGN";"0V83";88127;3;"YUAN JI";"12:00 AM - 01:00 AM";"";0;10;0
219;"EEE5378";"LEC";"CMOS ANALOG & DIG CIRCUIT DSGN";"0V91";88130;3;"YUAN JI";"12:00 AM - 01:00 AM";"";0;0;0
220;"EEL3004";"LEC";"ELECTRICAL NETWORKS";"1";87952;3;"CHAN CH";"M W 03:00 PM - 04:15 PM";"HEC 0118";70;70;6
221;"EEL3004";"LEC";"ELECTRICAL NETWORKS";"2";89118;3;"FAHIM AZ";"T R 10:30 AM - 11:45 AM";"HEC 0118";70;70;4
222;"EEL3004";"LEC";"ELECTRICAL NETWORKS";"3";89606;3;"CHAN CH";"T R 01:30 PM - 02:45 PM";"HEC 0110";60;60;5
223;"EEL3004";"DIS";"ELECTRICAL NETWORKS";"11";91216;0;"";"M 01:00 PM - 02:50 PM";"CL1 0117";38;34;3
224;"EEL3004";"DIS";"ELECTRICAL NETWORKS";"12";91217;0;"";"W 12:30 PM - 02:20 PM";"BA 0116";72;34;3
225;"EEL3004";"DIS";"ELECTRICAL NETWORKS";"13";91218;0;"";"T 03:30 PM - 05:20 PM";"CL1 0107";35;33;3
226;"EEL3004";"DIS";"ELECTRICAL NETWORKS";"14";91219;0;"";"T 05:00 PM - 06:50 PM";"MSB 0336";70;33;3
227;"EEL3004";"DIS";"ELECTRICAL NETWORKS";"15";91220;0;"";"R 06:00 PM - 07:50 PM";"ENGR0435";66;33;3
228;"PHY2049";"LEC";"Physics for Engineers and Scientists II";"0002";84672;4;"Staff";"M W F 02:30PM - 03:20PM";"MSB 0359";0;0;0
229;"EEL3004";"DIS";"ELECTRICAL NETWORKS";"16";91221;0;"";"R 04:30 PM - 06:20 PM";"CL1 0112";34;33;0
230;"EEL3123";"LEC";"NETWORKS AND SYSTEMS";"1";88140;4;"HARALAMBOU MI";"M W 09:00 AM - 10:15 AM";"HEC 0118";70;70;12
231;"EEL3123";"LEC";"NETWORKS AND SYSTEMS";"2";89157;4;"HARALAMBOU MI";"T R 01:30 PM - 02:45 PM";"HEC 0118";70;70;13
232;"EEL3123";"LAB";"NETWORKS AND SYSTEMS";"11";88141;0;"HARALAMBOU MI";"M 12:00 PM - 02:50 PM";"ENGR0474";40;35;10
233;"EEL3123";"LAB";"NETWORKS AND SYSTEMS";"12";88142;0;"HARALAMBOU MI";"T 09:00 AM - 11:50 AM";"ENGR0474";40;35;8
234;"EEL3123";"LAB";"NETWORKS AND SYSTEMS";"13";88143;0;"HARALAMBOU MI";"W 12:00 PM - 02:50 PM";"ENGR0474";40;35;4
235;"EEL3123";"LAB";"NETWORKS AND SYSTEMS";"14";89158;0;"HARALAMBOU MI";"R 09:00 AM - 11:50 AM";"ENGR0474";40;35;3
236;"EEL3123";"LEC";"NETWORKS AND SYSTEMS";"50";89509;4;"ELASHHAB SH";"W 09:00 AM - 11:50 AM";"VW110128";30;24;2
237;"EEL3470";"LEC";"ELECTROMAGNETIC FIELDS";"1";87960;3;"WAHID PA";"T R 09:00 AM - 10:15 AM";"HEC 0119";70;70;21
238;"EEL3470";"LEC";"ELECTROMAGNETIC FIELDS";"50";89508;3;"ELASHHAB SH";"T 09:00 AM - 11:50 AM";"VW110107";30;30;5
239;"EEL3552";"LEC";"ANALOG & DIGITAL COM FUND";"1";87961;4;"WEI LE";"M W 03:00 PM - 04:15 PM";"HEC 0110";60;60;30
240;"EEL3552";"LAB";"ANALOG & DIGITAL COM FUND";"11";87962;0;"WEI LE";"M 12:00 PM - 02:50 PM";"ENGR0471";26;20;8
241;"EEL3552";"LAB";"ANALOG & DIGITAL COM FUND";"12";87963;0;"WEI LE";"W 12:00 PM - 02:50 PM";"ENGR0471";26;20;11
242;"EEL3552";"LAB";"ANALOG & DIGITAL COM FUND";"13";88895;0;"WEI LE";"F 12:00 PM - 02:50 PM";"ENGR0471";26;20;11
243;"EEL3657";"LEC";"LINEAR CONTROL SYSTEMS";"1";87964;3;"BEHAL AM";"T R 03:00 PM - 04:15 PM";"HEC 0119";70;70;20
244;"EEL3801";"LEC";"COMPUTER ORGANIZATION";"1";87965;3;"SUBOH SU";"M W 04:30 PM - 05:45 PM";"HEC 0110";60;60;20
245;"EEL3801";"LEC";"COMPUTER ORGANIZATION";"2";89345;3;"SUBOH SU";"T R 12:00 PM - 01:15 PM";"HEC 0118";70;70;11
246;"EEL3801";"LAB";"COMPUTER ORGANIZATION";"11";89246;0;"SUBOH SU";"M 06:00 PM - 08:50 PM";"ENGR0257";40;33;8
247;"EEL3801";"LAB";"COMPUTER ORGANIZATION";"12";89247;0;"SUBOH SU";"T 12:00 PM - 02:50 PM";"ENGR0257";40;33;6
248;"EEL3801";"LAB";"COMPUTER ORGANIZATION";"13";89346;0;"SUBOH SU";"W 06:00 PM - 08:50 PM";"ENGR0257";40;32;15
249;"EEL3801";"LAB";"COMPUTER ORGANIZATION";"14";89347;0;"SUBOH SU";"R 12:00 PM - 02:50 PM";"ENGR0257";40;32;2
250;"EEL4140";"LEC";"ANALOG FILTER DESIGN";"1";87966;4;"MIKHAEL WA";"T R 10:30 AM - 11:45 AM";"ENG20205";50;50;31
251;"EEL4140";"LAB";"ANALOG FILTER DESIGN";"11";88111;0;"MIKHAEL WA";"T 03:00 PM - 05:50 PM";"ENGR0471";26;25;21
252;"EEL4140";"LAB";"ANALOG FILTER DESIGN";"12";88112;0;"MIKHAEL WA";"R 03:00 PM - 05:50 PM";"ENGR0471";26;25;10
253;"EEL4205";"LEC";"ELECTRIC MACHINERY";"1";89535;3;"WU XI";"M W 06:00 PM - 07:15 PM";"HEC 0110";60;60;54
254;"EEL4436";"LEC";"MICROWAVE ENGINEERING";"1";87829;4;"GONG XU";"M W 10:30 AM - 11:45 AM";"ENGR0227";36;9;9
255;"EEL4436";"LAB";"MICROWAVE ENGINEERING";"11";87830;0;"GONG XU";"M 12:00 PM - 02:50 PM";"ENGR0461";16;3;3
256;"EEL4436";"LAB";"MICROWAVE ENGINEERING";"12";87831;0;"GONG XU";"W 12:00 PM - 02:50 PM";"ENGR0461";16;3;3
257;"EEL4436";"LAB";"MICROWAVE ENGINEERING";"13";88919;0;"GONG XU";"W 06:00 PM - 08:50 PM";"ENGR0461";16;3;3
258;"EEL4518";"LEC";"SATELLITE COMMUNICATIONS";"1";88238;3;"JONES W";"T R 01:30 PM - 02:45 PM";"ENG20205";50;50;27
259;"EEL4742";"LEC";"EMBEDDED SYSTEMS";"1";87969;4;"WEEKS AR";"M W 01:30 PM - 02:45 PM";"HEC 0118";70;70;36
260;"EEL4742";"LEC";"EMBEDDED SYSTEMS";"2";90645;4;"WEEKS AR";"T R 09:00 AM - 10:15 AM";"HEC 0118";70;70;10
261;"EEL4742";"LAB";"EMBEDDED SYSTEMS";"11";87970;0;"WEEKS AR";"M 03:00 PM - 05:50 PM";"ENGR0257";40;35;15
262;"EEL4742";"LAB";"EMBEDDED SYSTEMS";"12";87971;0;"WEEKS AR";"T 09:00 AM - 11:50 AM";"ENGR0257";40;35;14
263;"EEL4742";"LAB";"EMBEDDED SYSTEMS";"13";87972;0;"WEEKS AR";"W 03:00 PM - 05:50 PM";"ENGR0257";40;35;12
264;"EEL4742";"LAB";"EMBEDDED SYSTEMS";"14";90646;0;"WEEKS AR";"R 09:00 AM - 11:50 AM";"ENGR0257";40;35;5
265;"EEL4750";"LEC";"DIGITAL SIGNAL PROCESSING FUND";"1";89163;3;"MIKHAEL WA";"T R 03:00 PM - 04:15 PM";"HEC 0117";70;70;58
266;"PHY2049";"LEC";"Physics for Engineers and Scientists II";"0001";84671;4;"Staff";"M W F 03:30PM - 04:20PM";"MSB 0260";0;0;0
267;"EEL4768";"LEC";"COMPUTER ARCHITECTURE";"1";87973;3;"ABICHAR ZA";"M W 03:00 PM - 04:15 PM";"HEC 0119";70;70;52
268;"EEL4768";"LEC";"COMPUTER ARCHITECTURE";"2";89127;3;"ABICHAR ZA";"T R 10:30 AM - 11:45 AM";"HEC 0119";70;70;41
269;"EEL4781";"LEC";"COMPUTER COM NETWORKS";"1";87977;3;"CHATTERJEE MA";"M W 04:30 PM - 05:45 PM";"HEC 0117";70;70;44
270;"EEL4914";"LEC";"SENIOR DESIGN I";"1";87978;3;"RICHIE SA";"T R 09:00 AM - 10:15 AM";"ENG20102";169;120;55
271;"EEL4915";"LAB";"SENIOR DESIGN II";"11";87979;3;"RICHIE SA";"F 09:00 AM - 11:50 AM";"HEC 0118";70;70;30
272;"EEL5272";"LEC";"BIOMEDICAL SENSORS";"0R01";89557;3;"WEEKS AR";"M W 09:00 AM - 10:15 AM";"ENGR0386A";40;18;0
273;"EEL5272";"LEC";"BIOMEDICAL SENSORS";"0V71";89560;3;"WEEKS AR";"12:00 AM - 12:00 AM";"";0;10;0
274;"EEL5272";"LEC";"BIOMEDICAL SENSORS";"0V81";89561;3;"WEEKS AR";"12:00 AM - 12:00 AM";"";0;10;0
275;"EEL5272";"LEC";"BIOMEDICAL SENSORS";"0V83";89559;3;"WEEKS AR";"12:00 AM - 12:00 AM";"";0;10;0
276;"EEL5272";"LEC";"BIOMEDICAL SENSORS";"0V91";89562;3;"WEEKS AR";"12:00 AM - 12:00 AM";"";0;0;0
277;"EEL5437";"LEC";"MICROWAVE ENGINEERING";"1";89607;4;"GONG XU";"M W 10:30 AM - 11:45 AM";"ENGR0227";36;9;1
278;"EEL5437";"LAB";"MICROWAVE ENGINEERING";"11";89608;0;"GONG XU";"M 12:00 PM - 02:50 PM";"ENGR0461";16;3;1
279;"EEL5437";"LAB";"MICROWAVE ENGINEERING";"12";89609;0;"GONG XU";"W 12:00 PM - 02:50 PM";"ENGR0461";16;3;0
280;"EEL5437";"LAB";"MICROWAVE ENGINEERING";"13";89610;0;"GONG XU";"W 06:00 PM - 08:50 PM";"ENGR0461";16;3;0
281;"EEL5462";"LEC";"ANTENNA ANALYSIS AND DESIGN";"0R01";88907;3;"WAHID PA";"T R 01:30 PM - 02:45 PM";"ENGR0386A";40;20;0
282;"EEL5462";"LEC";"ANTENNA ANALYSIS AND DESIGN";"0V71";88910;3;"WAHID PA";"12:00 AM - 12:00 AM";"";0;10;0
283;"EEL5462";"LEC";"ANTENNA ANALYSIS AND DESIGN";"0V81";88911;3;"WAHID PA";"12:00 AM - 12:00 AM";"";0;10;0
284;"EEL5462";"LEC";"ANTENNA ANALYSIS AND DESIGN";"0V83";88909;3;"WAHID PA";"12:00 AM - 12:00 AM";"";0;10;0
285;"EEL5462";"LEC";"ANTENNA ANALYSIS AND DESIGN";"0V91";88912;3;"WAHID PA";"12:00 AM - 12:00 AM";"";0;0;0
286;"EEL5542";"LEC";"RANDOM PROCESSES I";"0R01";89551;3;"";"M W 09:00 AM - 10:15 AM";"ENG20103";58;40;1
287;"EEL5542";"LEC";"RANDOM PROCESSES I";"0V71";89554;3;"";"12:00 AM - 12:00 AM";"";0;10;0
288;"EEL5542";"LEC";"RANDOM PROCESSES I";"0V81";89555;3;"";"12:00 AM - 12:00 AM";"";0;10;0
289;"EEL5542";"LEC";"RANDOM PROCESSES I";"0V83";89553;3;"";"12:00 AM - 12:00 AM";"";0;10;0
290;"EEL5542";"LEC";"RANDOM PROCESSES I";"0V91";89556;3;"";"12:00 AM - 12:00 AM";"";0;0;0
291;"EEL5630";"LEC";"DIGITAL CONTROL SYSTEMS";"0R01";90819;3;"HARALAMBOU MI";"T R 09:00 AM - 10:15 AM";"ENGR0388";49;30;1
292;"EEL5630";"LEC";"DIGITAL CONTROL SYSTEMS";"0V71";90821;3;"HARALAMBOU MI";"";"";0;10;1
293;"EEL5630";"LEC";"DIGITAL CONTROL SYSTEMS";"0V81";90822;3;"HARALAMBOU MI";"";"";0;10;0
294;"EEL5630";"LEC";"DIGITAL CONTROL SYSTEMS";"0V83";90820;3;"HARALAMBOU MI";"";"";0;10;0
295;"EEL5630";"LEC";"DIGITAL CONTROL SYSTEMS";"0V91";90823;3;"HARALAMBOU MI";"";"";0;0;0
296;"EEL5669";"LEC";"AUTONOMOUS ROBOTIC SYSTEMS";"0R01";89614;3;"BEHAL AM";"T R 09:00 AM - 10:15 AM";"ENGR0386A";40;18;0
297;"EEL5669";"LEC";"AUTONOMOUS ROBOTIC SYSTEMS";"0V71";89617;3;"BEHAL AM";"12:00 AM - 12:00 AM";"";0;10;0
298;"EEL5669";"LEC";"AUTONOMOUS ROBOTIC SYSTEMS";"0V81";89618;3;"BEHAL AM";"12:00 AM - 12:00 AM";"";0;10;0
299;"EEL5669";"LEC";"AUTONOMOUS ROBOTIC SYSTEMS";"0V83";89616;3;"BEHAL AM";"12:00 AM - 12:00 AM";"";0;10;0
300;"EEL5669";"LEC";"AUTONOMOUS ROBOTIC SYSTEMS";"0V91";89619;3;"BEHAL AM";"12:00 AM - 12:00 AM";"";0;0;0
301;"EEL5722";"LEC";"FIELD PROGRAM GATE ARRAY FPGA";"1";89587;3;"LIN MI";"T R 09:00 AM - 10:15 AM";"ENGR0227";36;20;1
302;"EEL5722";"LAB";"FIELD PROGRAM GATE ARRAY FPGA";"11";89588;0;"LIN MI";"T 03:00 PM - 05:50 PM";"ENGR0257";40;10;1
303;"EEL5722";"LAB";"FIELD PROGRAM GATE ARRAY FPGA";"12";89589;0;"LIN MI";"R 03:00 PM - 05:50 PM";"ENGR0257";40;10;0
304;"EEL6026";"LEC";"OPTIMIZ ENGINEERING SYSTEMS";"1";91222;3;"";"M W 03:00 PM - 04:15 PM";"BA 0225";46;30;0
305;"EEL6269";"LEC";"ADVANCED TOPICS IN POWER ENG";"0R01";89575;3;"LOTFIFARD SA";"M W 01:30 PM - 02:45 PM";"ENG20103";58;30;0
306;"EEL6269";"LEC";"ADVANCED TOPICS IN POWER ENG";"0V71";89578;3;"LOTFIFARD SA";"12:00 AM - 12:00 AM";"";0;10;0
307;"EEL6269";"LEC";"ADVANCED TOPICS IN POWER ENG";"0V81";89579;3;"LOTFIFARD SA";"12:00 AM - 12:00 AM";"";0;10;0
308;"EEL6269";"LEC";"ADVANCED TOPICS IN POWER ENG";"0V83";89577;3;"LOTFIFARD SA";"12:00 AM - 12:00 AM";"";0;10;0
309;"EEL6269";"LEC";"ADVANCED TOPICS IN POWER ENG";"0V91";89580;3;"LOTFIFARD SA";"12:00 AM - 12:00 AM";"";0;0;0
310;"EEL6482";"LEC";"ELECTROMAGNETIC THEORY I";"0R01";89536;3;"WU XI";"M W 10:30 AM - 11:45 AM";"BA 0216";30;15;1
311;"EEL6482";"LEC";"ELECTROMAGNETIC THEORY I";"0V71";89539;3;"WU XI";"12:00 AM - 12:00 AM";"";0;10;0
312;"EEL6482";"LEC";"ELECTROMAGNETIC THEORY I";"0V81";89540;3;"WU XI";"12:00 AM - 12:00 AM";"";0;10;0
313;"EEL6482";"LEC";"ELECTROMAGNETIC THEORY I";"0V83";89538;3;"WU XI";"12:00 AM - 12:00 AM";"";0;10;0
314;"EEL6482";"LEC";"ELECTROMAGNETIC THEORY I";"0V91";89541;3;"WU XI";"12:00 AM - 12:00 AM";"";0;0;0
315;"EEL6504";"LEC";"COMMUNICATIONS SYSTEMS DESIGN";"0R01";87983;3;"WEI LE";"M W 10:30 AM - 11:45 AM";"ENGR0384";62;20;0
316;"EEL6504";"LEC";"COMMUNICATIONS SYSTEMS DESIGN";"0V71";87981;3;"WEI LE";"12:00 AM - 12:00 AM";"";0;10;0
317;"EEL6504";"LEC";"COMMUNICATIONS SYSTEMS DESIGN";"0V81";88107;3;"WEI LE";"12:00 AM - 12:00 AM";"";0;10;0
318;"EEL6504";"LEC";"COMMUNICATIONS SYSTEMS DESIGN";"0V83";88270;3;"WEI LE";"12:00 AM - 12:00 AM";"";0;10;0
319;"EEL6504";"LEC";"COMMUNICATIONS SYSTEMS DESIGN";"0V91";87982;3;"WEI LE";"12:00 AM - 12:00 AM";"";0;0;0
320;"EEL6760";"LEC";"DATA INTENSIVE COMPUTING";"0R01";90824;3;"WANG JU";"M W 04:30 PM - 05:45 PM";"ENGR0384";62;30;0
321;"EEL6760";"LEC";"DATA INTENSIVE COMPUTING";"0V71";90826;3;"WANG JU";"";"";0;10;0
322;"EEL6760";"LEC";"DATA INTENSIVE COMPUTING";"0V81";90827;3;"WANG JU";"";"";0;10;0
323;"EEL6760";"LEC";"DATA INTENSIVE COMPUTING";"0V83";90825;3;"WANG JU";"";"";0;10;0
324;"EEL6760";"LEC";"DATA INTENSIVE COMPUTING";"0V91";90828;3;"WANG JU";"";"";0;0;0
325;"EGN3060";"LEC";"INTRODUCTION TO ROBOTICS";"1";89108;3;"SUKTHANKAR GI";"M W 01:30 PM - 02:45 PM";"";0;30;0
326;"EGN3060";"LAB";"INTRODUCTION TO ROBOTICS";"11";89109;0;"SUKTHANKAR GI";"M 03:00 PM - 05:50 PM";"HEC 0322";40;15;0
327;"EGN3060";"LAB";"INTRODUCTION TO ROBOTICS";"12";89110;0;"SUKTHANKAR GI";"W 03:00 PM - 05:50 PM";"HEC 0322";40;15;0
328;"EGN3211";"LEC";"ENG ANALYSIS & COMPUTATION";"1";89344;3;"ABICHAR ZA";"M W 09:00 AM - 10:15 AM";"HEC 0117";70;70;16
329;"EGN3211";"LEC";"ENG ANALYSIS & COMPUTATION";"2";90644;3;"ABICHAR ZA";"T R 12:00 PM - 01:15 PM";"HEC 0119";70;70;19
330;"EGN3373";"LEC";"PRINCIPLES OF ELECTRICAL ENG";"1";88202;3;"FAHIM AZ";"T R 04:30 PM - 05:45 PM";"COMM0101";300;300;67
331;"PHY2049";"LAB";"Physics for Engineers and Scientists II";"0012";85792;0;"Staff";"M 11:30AM - 02:20PM";"";0;0;0
332;"PHY2049";"LAB";"Physics for Engineers and Scientists II";"0013";90511;0;"Staff";"T 07:30AM - 10:20AM";"";0;0;0
333;"PHY2049";"LAB";"Physics for Engineers and Scientists II";"0014";90512;0;"Staff";"T 10:30AM - 01:20PM";"";0;0;0
334;"PHY2049";"LAB";"Physics for Engineers and Scientists II";"0015";90513;0;"Staff";"T 01:30PM - 04:20PM";"";0;0;0
335;"PHY2049";"LAB";"Physics for Engineers and Scientists II";"0016";90514;0;"Staff";"W 08:30AM - 11:20AM";"";0;0;0
336;"PHY2049";"LAB";"Physics for Engineers and Scientists II";"0017";86060;0;"Staff";"W 11:30AM - 02:20PM";"";0;0;0
337;"PHY2049";"LAB";"Physics for Engineers and Scientists II";"0018";90515;0;"Staff";"R 07:30AM - 10:20AM";"";0;0;0
338;"PHY2049";"LAB";"Physics for Engineers and Scientists II";"0019";90516;0;"Staff";"R 10:30AM - 01:20PM";"";0;0;0
339;"BSC2010";"LEC";"Biology I";"0001";83952;4;"Linda Walters";"M W F 08:30AM - 09:20AM";"";0;0;0
340;"BSC2010";"LEC";"Biology I";"0002";83953;4;"Linda Walters";"M W F 10:30AM - 11:20AM";"";0;0;0
341;"BSC2010";"LEC";"Biology I";"0003";85172;4;"Christa Diercksen";"M W F 11:30AM - 12:20PM";"";0;0;0
342;"BSC2010";"LEC";"Biology I";"0004";85927;4;"Christa Diercksen";"M W F 02:30PM - 03:20PM";"";0;0;0
343;"BSC2010";"LAB";"Biology I";"0010";90243;0;"Karen Yeargain";"F 10:30AM - 12:20PM";"";0;0;0
344;"BSC2010";"LAB";"Biology I";"0011";83964;0;"Karen Yeargain";"T 08:30AM - 10:20AM";"";0;0;0
345;"BSC2010";"LAB";"Biology I";"0012";86272;0;"Karen Yeargain";"T 10:30AM - 12:20PM";"";0;0;0
346;"BSC2010";"LAB";"Biology I";"0013";83954;0;"Karen Yeargain";"T 12:30PM - 02:20PM";"";0;0;0
347;"BSC2010";"LAB";"Biology I";"0014";83962;0;"Karen Yeargain";"T 02:30PM - 04:20PM";"";0;0;0
348;"BSC2010";"LAB";"Biology I";"0015";90244;0;"Karen Yeargain";"R 10:30AM - 12:20PM";"";0;0;0
349;"BSC2010";"LAB";"Biology I";"0035";86083;0;"Karen Yeargain";"W 01:30PM - 03:20PM";"";0;0;0
350;"BSC2010";"LAB";"Biology I";"0036";86082;0;"Karen Yeargain";"W 03:30PM - 05:20PM";"";0;0;0
351;"BSC2010";"LAB";"Biology I";"0037";85004;0;"Karen Yeargain";"R 07:30AM - 09:20AM";"";0;0;0
352;"BSC2010";"LAB";"Biology I";"0045";90248;0;"Karen Yeargain";"W 11:30AM - 01:20PM";"";0;0;0
353;"MAS3105";"LEC";"Matrix and Linear Algebra";"0002";84661;4;"Alvaro Islas";"M W F 09:00AM - 10:20AM";"";0;0;0
354;"MAS3105";"LEC";"Matrix and Linear Algebra";"0004";85908;4;"Andrew Nevai";"T R 05:30PM - 07:20PM";"";0;0;0
355;"MAS3105";"LEC";"Matrix and Linear Algebra";"0005";86697;4;"Staff";"M W F 10:30AM - 10:50AM";"";0;0;0
356;"STA4163";"LEC";"Statistical Methods II";"0001";84793;3;"Susan Schott";"T R 01:30PM - 02:45PM";"";0;0;0
357;"STA4163";"LEC";"Statistical Methods II";"0002";84806;3;"Susan Schott";"M W 06:00PM - 07:15PM";"";0;0;0
358;"STA4102";"LEC";"Computer Processing of Statistical Data";"0001";84792;3;"Kelcey Jasen";"M W F 02:30PM - 03:20PM";"";0;0;0
