"id";"course_id";"major";"course";"elective";"elective_area";"elective_hours"
1;0;"Computer Science";"COP3223";0;"null";0
2;0;"Computer Science";"MAC2311";0;"null";0
3;0;"Computer Science";"MAC2312";0;"null";0
4;0;"Computer Science";"PHY2048";0;"null";0
5;0;"Computer Science";"PHY2049";0;"null";0
6;0;"Computer Science";"BSC2010";0;"null";0
7;0;"Computer Science";"BSC2011";0;"null";0
8;0;"Computer Science";"STA2023";0;"null";0
9;0;"Computer Science";"COP3330";0;"null";0
10;0;"Computer Science";"COP3502";0;"null";0
11;0;"Computer Science";"COP3503";0;"null";0
12;0;"Computer Science";"ENC3241";0;"null";0
13;0;"Computer Science";"CDA3103";0;"null";0
14;0;"Computer Science";"COT3100";0;"null";0
15;0;"Computer Science";"CIS3360";0;"null";0
16;0;"Computer Science";"COP3402";0;"null";0
17;0;"Computer Science";"COT3960";0;"null";0
18;0;"Computer Science";"COP4331";0;"null";0
19;0;"Computer Science";"EEL4768";0;"null";0
20;0;"Computer Science";"COT4210";0;"null";0
21;0;"Computer Science";"COP4020";0;"null";0
22;0;"Computer Science";"COP4600";0;"null";0
23;0;"Computer Science";"COT4810";0;"null";0
24;0;"Computer Science";"null";1;"CS";9
25;0;"Computer Science";"null";1;"MATH";6
