"course";"type";"title";"section_num";"class_num";"credit_hrs";"professor";"times";"room";"room_cap";"class_cap";"num_enrolled"
"BME5572";"LEC";"BIOMEDICAL NANOTECHNOLOGY";"1";16826;3;"KAPOOR VI";"F 09:00 AM - 11:50 AM";"ENGR0383";35;25;1
"CAP4053";"LEC";"AI FOR GAME PROGRAMMING";"1";17341;3;"";"M W 01:30 PM - 02:45 PM";"HEC 0117";70;40;13
"CAP4104";"LEC";"HUMAN & TECHNOLOGY INTERACTION";"1";17636;3;"";"T R 04:30 PM - 05:45 PM";"MSB 0359";90;90;12
"CAP4453";"LEC";"ROBOT VISION";"1";16326;3;"DA VI";"M W 10:30 AM - 11:45 AM";"HEC 0117";70;35;8
"CAP5512";"LEC";"EVOLUTIONARY COMPUTATION";"1";16327;3;"";"T R 12:00 PM - 01:15 PM";"ENGR0383";35;30;0
"CAP6121";"LEC";"3D USER INTERFACES GAMES & VR";"1";18563;3;"LAVIOLA II";"M W 04:30 PM - 05:45 PM";"ENGR0383";35;35;0
"CAP6135";"LEC";"MALWARE SOFTWARE VULNERABILITY";"0R01";16829;3;"";"M W 10:30 AM - 11:45 AM";"ENGR0383";35;30;1
"CAP6135";"LEC";"MALWARE SOFTWARE VULNERABILITY";"0V61";17417;3;"";"12:00 AM - 12:00 AM";"";0;25;4
"CAP6412";"LEC";"ADVANCED COMPUTER VISION";"1";16759;3;"";"T R 03:00 PM - 04:15 PM";"ENGR0383";35;35;0
"CAP6517";"LEC";"COMPUTATIONAL GENOMICS";"1";17722;3;"ZHANG SH";"T R 03:00 PM - 04:15 PM";"HEC 0111";60;30;0
"CAP6545";"LEC";"MACHINE LEARN METH BIOINFORMAT";"1";16811;3;"";"M W 04:30 PM - 05:45 PM";"HEC 0111";60;35;1
"CAP6640";"LEC";"COMP UNDERST OF NATURAL LANG";"1";16328;3;"GOMEZ FE";"T R 04:30 PM - 05:45 PM";"HEC 0111";60;45;1
"CAP6671";"LEC";"ROBOTS, AGENTS, AND HUMANS";"0R01";17431;3;"SUKTHANKAR GI";"M W 12:00 PM - 01:15 PM";"BA 0216A";25;20;1
"CAP6671";"LEC";"ROBOTS, AGENTS, AND HUMANS";"0V71";17434;3;"SUKTHANKAR GI";"12:00 AM - 12:00 AM";"";0;10;0
"CAP6671";"LEC";"ROBOTS, AGENTS, AND HUMANS";"0V81";17435;3;"SUKTHANKAR GI";"12:00 AM - 12:00 AM";"";0;10;0
"CAP6671";"LEC";"ROBOTS, AGENTS, AND HUMANS";"0V83";17433;3;"SUKTHANKAR GI";"12:00 AM - 12:00 AM";"";0;10;0
"CAP6671";"LEC";"ROBOTS, AGENTS, AND HUMANS";"0V91";17436;3;"SUKTHANKAR GI";"12:00 AM - 12:00 AM";"";0;0;0
"CAP6721";"LEC";"RAY TRACING";"1";17614;3;"PATTANAIK SU";"M W 03:00 PM - 04:15 PM";"BA 0205";31;31;0
"CDA3103";"LEC";"COMPUTER LOGIC A ORGANIZATION";"1";17441;3;"";"T R 09:00 AM - 10:15 AM";"HPA 0125";100;100;8
"CDA3103";"LAB";"COMPUTER LOGIC A ORGANIZATION";"11";17442;0;"";"M 06:00 PM - 06:50 PM";"ENGR0383";35;34;4
"CDA3103";"LAB";"COMPUTER LOGIC A ORGANIZATION";"12";17443;0;"";"W 02:30 PM - 03:20 PM";"BA 0214";44;33;1
"CDA3103";"LAB";"COMPUTER LOGIC A ORGANIZATION";"13";17444;0;"";"W 03:30 PM - 04:20 PM";"BA 0214";44;33;3
"CDA5106";"LEC";"ADV COMPUTER ARCHITECTURE";"1";16331;3;"";"T R 04:30 PM - 05:45 PM";"ENG20205";50;49;0
"CDA5110";"LEC";"PARALLEL ARCH & ALGORITHMS";"1";16800;3;"DEO NA";"T R 04:30 PM - 05:45 PM";"ENGR0227";36;20;0
"CDA6107";"LEC";"PARALLEL COMPUTER ARCHITECTURE";"1";16667;3;"HEINRICH MA";"T R 03:00 PM - 04:15 PM";"BA 0214";44;44;0
"CGS1060";"LEC";"INTRODUCTION TO COMPUTERS";"1";16343;3;"NEDOROST TH";"M 08:30 AM - 10:20 AM";"PSY 0108";378;250;0
"CGS1060";"LEC";"INTRODUCTION TO COMPUTERS";"2";16344;3;"NEDOROST TH";"M 10:30 AM - 12:20 PM";"CL1 0104";291;250;2
"CGS1060";"LEC";"INTRODUCTION TO COMPUTERS";"3";16345;3;"NEDOROST TH";"T 06:00 PM - 07:50 PM";"HPA 0119";218;200;1
"CGS1060";"LAB";"INTRODUCTION TO COMPUTERS";"11";16346;0;"FREUND ST";"T 10:30 AM - 11:20 AM";"ENGR0188";32;30;0
"CGS1060";"LAB";"INTRODUCTION TO COMPUTERS";"12";16347;0;"FREUND ST";"T 11:30 AM - 12:20 PM";"ENGR0188";32;30;1
"CGS1060";"LAB";"INTRODUCTION TO COMPUTERS";"13";16348;0;"FREUND ST";"T 12:30 PM - 01:20 PM";"ENGR0188";32;30;0
"CGS1060";"LAB";"INTRODUCTION TO COMPUTERS";"14";16349;0;"FREUND ST";"T 01:30 PM - 02:20 PM";"ENGR0188";32;30;0
"CGS1060";"LAB";"INTRODUCTION TO COMPUTERS";"15";16350;0;"FREUND ST";"T 02:30 PM - 03:20 PM";"ENGR0188";32;30;0
"CGS1060";"LAB";"INTRODUCTION TO COMPUTERS";"16";16351;0;"FREUND ST";"T 03:30 PM - 04:20 PM";"ENGR0188";32;30;0
"CGS1060";"LAB";"INTRODUCTION TO COMPUTERS";"17";16352;0;"FREUND ST";"T 04:30 PM - 05:20 PM";"ENGR0188";32;30;1
"CGS1060";"LAB";"INTRODUCTION TO COMPUTERS";"18";16353;0;"FREUND ST";"T 05:30 PM - 06:20 PM";"ENGR0188";32;30;0
"CGS1060";"LAB";"INTRODUCTION TO COMPUTERS";"19";16354;0;"FREUND ST";"M 08:30 AM - 09:20 AM";"ENGR0188";32;30;0
"CGS1060";"LAB";"INTRODUCTION TO COMPUTERS";"20";16355;0;"FREUND ST";"M 09:30 AM - 10:20 AM";"ENGR0188";32;30;0
"CGS1060";"LAB";"INTRODUCTION TO COMPUTERS";"21";16356;0;"FREUND ST";"M 09:30 AM - 10:20 AM";"ENGR0187";32;30;1
"CGS1060";"LAB";"INTRODUCTION TO COMPUTERS";"22";16709;0;"FREUND ST";"M 10:30 AM - 11:20 AM";"ENGR0188";32;30;0
"CGS1060";"LAB";"INTRODUCTION TO COMPUTERS";"23";16710;0;"FREUND ST";"M 10:30 AM - 11:20 AM";"ENGR0187";32;30;0
"CGS1060";"LAB";"INTRODUCTION TO COMPUTERS";"24";16357;0;"FREUND ST";"M 11:30 AM - 12:20 PM";"ENGR0188";32;30;0
"CGS1060";"LAB";"INTRODUCTION TO COMPUTERS";"25";16358;0;"FREUND ST";"M 11:30 AM - 12:20 PM";"ENGR0187";32;30;0
"CGS1060";"LAB";"INTRODUCTION TO COMPUTERS";"26";16359;0;"FREUND ST";"M 12:30 PM - 01:20 PM";"ENGR0188";32;30;0
"CGS1060";"LAB";"INTRODUCTION TO COMPUTERS";"27";16360;0;"FREUND ST";"M 12:30 PM - 01:20 PM";"ENGR0187";32;30;0
"CGS1060";"LAB";"INTRODUCTION TO COMPUTERS";"28";16361;0;"FREUND ST";"M 01:30 PM - 02:20 PM";"ENGR0188";32;30;0
"CGS1060";"LAB";"INTRODUCTION TO COMPUTERS";"29";16362;0;"FREUND ST";"M 01:30 PM - 02:20 PM";"ENGR0187";32;30;0
"CGS1060";"LAB";"INTRODUCTION TO COMPUTERS";"30";16363;0;"FREUND ST";"M 02:30 PM - 03:20 PM";"ENGR0188";32;30;0
"CGS1060";"LAB";"INTRODUCTION TO COMPUTERS";"31";16364;0;"FREUND ST";"M 02:30 PM - 03:20 PM";"ENGR0187";32;30;0
"CGS1060";"LAB";"INTRODUCTION TO COMPUTERS";"32";16711;0;"FREUND ST";"M 03:30 PM - 04:20 PM";"ENGR0188";32;30;0
"CGS1060";"LAB";"INTRODUCTION TO COMPUTERS";"33";16365;0;"FREUND ST";"M 03:30 PM - 04:20 PM";"ENGR0187";32;30;0
"CGS1060";"LAB";"INTRODUCTION TO COMPUTERS";"34";16366;0;"FREUND ST";"M 04:30 PM - 05:20 PM";"ENGR0188";32;30;0
"CGS1060";"LAB";"INTRODUCTION TO COMPUTERS";"35";16712;0;"FREUND ST";"M 04:30 PM - 05:20 PM";"ENGR0187";32;30;0
"CGS1060";"LAB";"INTRODUCTION TO COMPUTERS";"36";16367;0;"FREUND ST";"M 05:30 PM - 06:20 PM";"ENGR0188";32;30;0
"CGS1060";"LAB";"INTRODUCTION TO COMPUTERS";"37";16368;0;"FREUND ST";"M 05:30 PM - 06:20 PM";"ENGR0187";32;30;0
"CGS1060";"LAB";"INTRODUCTION TO COMPUTERS";"38";16369;0;"FREUND ST";"R 10:30 AM - 11:20 AM";"ENGR0188";32;30;0
"CGS1060";"LAB";"INTRODUCTION TO COMPUTERS";"39";16370;0;"FREUND ST";"R 11:30 AM - 12:20 PM";"ENGR0188";32;30;0
"CGS1060";"LAB";"INTRODUCTION TO COMPUTERS";"40";16371;0;"FREUND ST";"R 12:30 PM - 01:20 PM";"ENGR0188";32;30;0
"CGS1060";"LAB";"INTRODUCTION TO COMPUTERS";"41";16713;0;"FREUND ST";"R 01:30 PM - 02:20 PM";"ENGR0188";32;30;0
"CGS1060";"LAB";"INTRODUCTION TO COMPUTERS";"42";16372;0;"FREUND ST";"R 02:30 PM - 03:20 PM";"ENGR0188";32;30;0
"CGS1060";"LAB";"INTRODUCTION TO COMPUTERS";"43";16373;0;"FREUND ST";"R 03:30 PM - 04:20 PM";"ENGR0188";32;30;0
"CGS1060";"LAB";"INTRODUCTION TO COMPUTERS";"44";16374;0;"FREUND ST";"R 04:30 PM - 05:20 PM";"ENGR0188";32;30;0
"CGS1060";"LAB";"INTRODUCTION TO COMPUTERS";"45";16714;0;"FREUND ST";"R 05:30 PM - 06:20 PM";"ENGR0188";32;30;0
"CGS1060";"LAB";"INTRODUCTION TO COMPUTERS";"46";16692;0;"FREUND ST";"R 06:30 PM - 07:20 PM";"ENGR0188";32;30;0
"CGS1060";"LEC";"INTRODUCTION TO COMPUTERS";"0W61";16827;3;"NEDOROST TH";"12:00 AM - 12:00 AM";"";0;200;4
"CGS2100";"LEC";"COMPUTER FUND FOR BUSINESS";"1";16656;3;"ABDALLAH NA";"W 08:30 AM - 10:20 AM";"PSY 0108";378;350;0
"CGS2100";"LEC";"COMPUTER FUND FOR BUSINESS";"2";16376;3;"ABDALLAH NA";"W 10:30 AM - 12:20 PM";"CL1 0104";291;291;3
"CGS2100";"LEC";"COMPUTER FUND FOR BUSINESS";"3";16377;3;"ABDALLAH NA";"W 04:30 PM - 06:20 PM";"CSB 0101";448;350;0
"CGS2100";"LAB";"COMPUTER FUND FOR BUSINESS";"11";16378;0;"FREUND ST";"T 10:30 AM - 11:20 AM";"ENGR0187";32;30;1
"CGS2100";"LAB";"COMPUTER FUND FOR BUSINESS";"12";16379;0;"FREUND ST";"T 11:30 AM - 12:20 PM";"ENGR0187";32;30;0
"CGS2100";"LAB";"COMPUTER FUND FOR BUSINESS";"13";16668;0;"FREUND ST";"T 12:30 PM - 01:20 PM";"ENGR0187";32;30;2
"CGS2100";"LAB";"COMPUTER FUND FOR BUSINESS";"14";16380;0;"FREUND ST";"T 01:30 PM - 02:20 PM";"ENGR0187";32;30;0
"CGS2100";"LAB";"COMPUTER FUND FOR BUSINESS";"15";16381;0;"FREUND ST";"T 02:30 PM - 03:20 PM";"ENGR0187";32;30;0
"CGS2100";"LAB";"COMPUTER FUND FOR BUSINESS";"16";16382;0;"FREUND ST";"T 03:30 PM - 04:20 PM";"ENGR0187";32;30;0
"CGS2100";"LAB";"COMPUTER FUND FOR BUSINESS";"17";16383;0;"FREUND ST";"T 04:30 PM - 05:20 PM";"ENGR0187";32;30;0
"CGS2100";"LAB";"COMPUTER FUND FOR BUSINESS";"18";16384;0;"FREUND ST";"T 05:30 PM - 06:20 PM";"ENGR0187";32;30;0
"CGS2100";"LAB";"COMPUTER FUND FOR BUSINESS";"19";16385;0;"FREUND ST";"R 10:30 AM - 11:20 AM";"ENGR0187";32;30;0
"CGS2100";"LAB";"COMPUTER FUND FOR BUSINESS";"20";16386;0;"FREUND ST";"R 11:30 AM - 12:20 PM";"ENGR0187";32;30;0
"CGS2100";"LAB";"COMPUTER FUND FOR BUSINESS";"21";16387;0;"FREUND ST";"R 12:30 PM - 01:20 PM";"ENGR0187";32;30;0
"CGS2100";"LAB";"COMPUTER FUND FOR BUSINESS";"22";16388;0;"FREUND ST";"R 01:30 PM - 02:20 PM";"ENGR0187";32;30;0
"CGS2100";"LAB";"COMPUTER FUND FOR BUSINESS";"23";16389;0;"FREUND ST";"R 02:30 PM - 03:20 PM";"ENGR0187";32;30;0
"CGS2100";"LAB";"COMPUTER FUND FOR BUSINESS";"24";16390;0;"FREUND ST";"R 03:30 PM - 04:20 PM";"ENGR0187";32;30;0
"CGS2100";"LAB";"COMPUTER FUND FOR BUSINESS";"25";16391;0;"FREUND ST";"R 04:30 PM - 05:20 PM";"ENGR0187";32;30;0
"CGS2100";"LAB";"COMPUTER FUND FOR BUSINESS";"26";16392;0;"FREUND ST";"R 05:30 PM - 06:20 PM";"ENGR0187";32;30;0
"CGS2100";"LAB";"COMPUTER FUND FOR BUSINESS";"27";16393;0;"FREUND ST";"R 06:30 PM - 07:20 PM";"ENGR0187";32;30;0
"CGS2100";"LAB";"COMPUTER FUND FOR BUSINESS";"28";16394;0;"FREUND ST";"R 07:30 PM - 08:20 PM";"ENGR0187";32;30;0
"CGS2100";"LAB";"COMPUTER FUND FOR BUSINESS";"29";16669;0;"FREUND ST";"W 08:30 AM - 09:20 AM";"ENGR0187";32;30;0
"CGS2100";"LAB";"COMPUTER FUND FOR BUSINESS";"30";16395;0;"FREUND ST";"W 09:30 AM - 10:20 AM";"ENGR0187";32;30;0
"CGS2100";"LAB";"COMPUTER FUND FOR BUSINESS";"31";16396;0;"FREUND ST";"W 09:30 AM - 10:20 AM";"ENGR0188";32;30;0
"CGS2100";"LAB";"COMPUTER FUND FOR BUSINESS";"32";16739;0;"FREUND ST";"W 10:30 AM - 11:20 AM";"ENGR0187";32;30;0
"CGS2100";"LAB";"COMPUTER FUND FOR BUSINESS";"33";16397;0;"FREUND ST";"W 10:30 AM - 11:20 AM";"ENGR0188";32;30;0
"CGS2100";"LAB";"COMPUTER FUND FOR BUSINESS";"34";16398;0;"FREUND ST";"W 11:30 AM - 12:20 PM";"ENGR0187";32;30;0
"CGS2100";"LAB";"COMPUTER FUND FOR BUSINESS";"35";16740;0;"FREUND ST";"W 11:30 AM - 12:20 PM";"ENGR0188";32;30;0
"CGS2100";"LAB";"COMPUTER FUND FOR BUSINESS";"36";16399;0;"FREUND ST";"W 12:30 PM - 01:20 PM";"ENGR0187";32;30;0
"CGS2100";"LAB";"COMPUTER FUND FOR BUSINESS";"37";16715;0;"FREUND ST";"W 12:30 PM - 01:20 PM";"ENGR0188";32;30;0
"CGS2100";"LAB";"COMPUTER FUND FOR BUSINESS";"38";16687;0;"FREUND ST";"W 01:30 PM - 02:20 PM";"ENGR0187";32;30;0
"CGS2100";"LAB";"COMPUTER FUND FOR BUSINESS";"39";16688;0;"FREUND ST";"W 01:30 PM - 02:20 PM";"ENGR0188";32;30;0
"CGS2100";"LAB";"COMPUTER FUND FOR BUSINESS";"40";16689;0;"FREUND ST";"W 02:30 PM - 03:20 PM";"ENGR0187";32;30;0
"CGS2100";"LAB";"COMPUTER FUND FOR BUSINESS";"41";16690;0;"FREUND ST";"W 02:30 PM - 03:20 PM";"ENGR0188";32;30;0
"CGS2100";"LAB";"COMPUTER FUND FOR BUSINESS";"42";16691;0;"FREUND ST";"W 03:30 PM - 04:20 PM";"ENGR0187";32;30;0
"CGS2100";"LAB";"COMPUTER FUND FOR BUSINESS";"43";16716;0;"FREUND ST";"W 03:30 PM - 04:20 PM";"ENGR0188";32;30;0
"CGS2100";"LAB";"COMPUTER FUND FOR BUSINESS";"44";16717;0;"FREUND ST";"W 04:30 PM - 05:20 PM";"ENGR0187";32;30;0
"CGS2100";"LAB";"COMPUTER FUND FOR BUSINESS";"45";16718;0;"FREUND ST";"W 04:30 PM - 05:20 PM";"ENGR0188";32;30;0
"CGS2100";"LAB";"COMPUTER FUND FOR BUSINESS";"46";16719;0;"FREUND ST";"W 05:30 PM - 06:20 PM";"ENGR0187";32;30;0
"CGS2100";"LAB";"COMPUTER FUND FOR BUSINESS";"47";16720;0;"FREUND ST";"W 05:30 PM - 06:20 PM";"ENGR0188";32;30;0
"CGS2100";"LAB";"COMPUTER FUND FOR BUSINESS";"48";16721;0;"FREUND ST";"W 06:30 PM - 07:20 PM";"ENGR0187";32;30;0
"CGS2100";"LAB";"COMPUTER FUND FOR BUSINESS";"49";16722;0;"FREUND ST";"W 06:30 PM - 07:20 PM";"ENGR0188";32;30;0
"CGS2100";"LAB";"COMPUTER FUND FOR BUSINESS";"149";16723;0;"FREUND ST";"W 07:30 PM - 08:20 PM";"ENGR0187";32;30;0
"CGS2100";"LEC";"COMPUTER FUND FOR BUSINESS";"0W61";16375;3;"ABDALLAH NA";"12:00 AM - 12:00 AM";"";0;200;2
"CGS2545";"LEC";"DATABASE CONCEPTS";"1";16400;3;"";"M W F 12:30 PM - 01:20 PM";"HPA 0125";100;96;0
"CGS2545";"LAB";"DATABASE CONCEPTS";"11";16578;0;"";"F 08:30 AM - 09:20 AM";"ENGR0188";32;32;0
"CGS2545";"LAB";"DATABASE CONCEPTS";"12";16579;0;"";"F 09:30 AM - 10:20 AM";"ENGR0188";32;32;0
"CGS2545";"LAB";"DATABASE CONCEPTS";"13";16580;0;"";"F 10:30 AM - 11:20 AM";"ENGR0188";32;32;0
"CGS3175";"LEC";"INTERNET APPLICATIONS";"1";16401;3;"";"M W 04:30 PM - 05:45 PM";"MSB 0360";90;90;2
"CGS3269";"LEC";"COMPUTER ARCHITECTURE CONCEPTS";"1";16402;3;"";"M W F 11:30 AM - 12:20 PM";"HPA 0116";100;100;2
"CGS3763";"LEC";"OPERATING SYSTEM CONCEPTS";"1";16404;3;"";"M W F 12:30 PM - 01:20 PM";"HPA 0116";100;100;1
"CIS3003";"LEC";"FUND INFORMATION TECHNOLOGY";"1";17445;3;"";"M W 03:00 PM - 04:15 PM";"HEC 0110";60;60;1
"CIS3360";"LEC";"SECURITY IN COMPUTING";"1";17342;3;"";"M W 04:30 PM - 05:45 PM";"MSB 0359";90;90;5
"CIS3360";"LEC";"SECURITY IN COMPUTING";"0V61";17437;3;"";"12:00 AM - 12:00 AM";"";0;60;1
"CIS4004";"LEC";"WEB BASED INFO TECHNOLOGY";"1";17446;3;"";"T R 03:00 PM - 04:15 PM";"HEC 0117";70;70;8
"CIS4313";"LEC";"MANAGING IT INTEGRATION";"0R01";16830;3;"";"12:00 AM - 12:00 AM";"";0;65;7
"CIS4361";"LEC";"SECURE OPERATING SYSTEMS ADMIN";"1";16797;3;"";"M W F 10:30 AM - 11:20 AM";"ENGR0227";36;36;7
"CIS6207";"LEC";"PRACTICE OF DIGITAL FORENSICS";"0V61";16828;3;"";"12:00 AM - 12:00 AM";"";0;35;1
"CIS6386";"LEC";"OPERATING SYS & FILE SYS FOREN";"0V61";17683;3;"PURCELL DA";"12:00 AM - 12:00 AM";"";0;35;1
"CNT3004";"LEC";"COMPUTER NETWORK CONCEPTS";"1";16403;3;"";"T R 12:00 PM - 01:15 PM";"HEC 0117";70;70;0
"CNT4403";"LEC";"NETWORK SECURITY AND PRIVACY";"1";16798;3;"BASSIOUNI MO";"M W 04:30 PM - 05:45 PM";"HEC 0117";70;70;8
"CNT4603";"LEC";"SYSTEM ADMIN & MAINTENACE";"1";17487;3;"";"M W F 03:30 PM - 04:20 PM";"ENGR0435";66;66;2
"CNT4703";"LAB";"DESIGN & IMPL COMP COM NETWK";"11";16596;0;"";"M 11:00 AM - 12:50 PM";"HEC 0322";40;20;2
"CNT4703";"LAB";"DESIGN & IMPL COMP COM NETWK";"12";16597;0;"";"M 03:00 PM - 04:50 PM";"HEC 0322";40;20;0
"CNT4703";"LAB";"DESIGN & IMPL COMP COM NETWK";"13";17629;0;"";"T 01:00 PM - 03:50 PM";"HEC 0322";40;0;0
"CNT4703";"LEC";"DESIGN & IMPL COMP COM NETWK";"0R01";16595;3;"";"12:00 AM - 12:00 AM";"";0;40;2
"CNT4714";"LEC";"ENTERPRISE COMPUTING";"1";17343;3;"";"T R 09:00 AM - 10:15 AM";"HEC 0117";70;70;5
"CNT6418";"LEC";"COMPUTER FORENSICS II";"1";16405;3;"LANG SH";"T 06:00 PM - 08:45 PM";"ENGR0383";35;0;0
"CNT6418";"LEC";"COMPUTER FORENSICS II";"0W61";16810;3;"LANG SH";"12:00 AM - 12:00 AM";"";0;0;0
"CNT6707";"LEC";"ADVANCED COMPUTER NETWORKS";"1";16640;3;"BASSIOUNI MO";"T R 06:00 PM - 07:15 PM";"ENGR0227";36;30;0
"COP2500";"LEC";"CONCEPTS IN COMPUTER SCIENCE";"1";16406;4;"";"M W F 08:30 AM - 09:20 AM";"HPA 0119";218;210;2
"COP2500";"LAB";"CONCEPTS IN COMPUTER SCIENCE";"11";16407;0;"";"F 09:30 AM - 10:20 AM";"ENGR0187";32;30;1
"COP2500";"LAB";"CONCEPTS IN COMPUTER SCIENCE";"12";16408;0;"";"F 10:30 AM - 11:20 AM";"ENGR0187";32;30;0
"COP2500";"LAB";"CONCEPTS IN COMPUTER SCIENCE";"13";16409;0;"";"F 11:30 AM - 12:20 PM";"ENGR0187";32;30;0
"COP2500";"LAB";"CONCEPTS IN COMPUTER SCIENCE";"14";17637;0;"";"F 12:30 PM - 01:20 PM";"ENGR0187";32;30;1
"COP2500";"LAB";"CONCEPTS IN COMPUTER SCIENCE";"15";17638;0;"";"F 01:30 PM - 02:20 PM";"ENGR0187";32;30;0
"COP2500";"LAB";"CONCEPTS IN COMPUTER SCIENCE";"16";19470;0;"";"F 02:30 PM - 03:20 PM";"ENGR0187";32;30;0
"COP2500";"LAB";"CONCEPTS IN COMPUTER SCIENCE";"17";19471;0;"";"F 03:30 PM - 04:20 PM";"ENGR0187";32;30;0
"COP3223";"LEC";"INTRO TO PROGRAMMING WITH C";"1";16411;3;"";"M W F 10:30 AM - 11:20 AM";"BA 0119";231;231;1
"COP3223";"LEC";"INTRO TO PROGRAMMING WITH C";"2";16412;3;"";"M W F 02:30 PM - 03:20 PM";"CL1 0104";291;250;1
"COP3223";"LEC";"INTRO TO PROGRAMMING WITH C";"3";16413;3;"";"T R 06:00 PM - 07:15 PM";"CL1 0104";291;250;0
"COP3223";"LEC";"INTRO TO PROGRAMMING WITH C";"0R04";19062;3;"";"";"";0;100;3
"COP3223";"LEC";"HONORS INTRO PROG WITH C";"201";17599;3;"GUHA AR";"M W F 08:30 AM - 09:20 AM";"BHC 0126";30;20;1
"COP3330";"LEC";"OBJECT ORIENTED PROGRAMMING";"1";16414;3;"";"M W F 02:30 PM - 03:20 PM";"COMM0101";300;250;5
"COP3330";"LEC";"OBJECT ORIENTED PROGRAMMING";"0R02";17923;3;"";"12:00 AM - 12:00 AM";"";0;200;4
"COP3402";"LEC";"SYSTEMS SOFTWARE";"1";16415;3;"";"T R 01:30 PM - 02:45 PM";"HPA 0125";100;100;6
"COP3402";"LAB";"SYSTEMS SOFTWARE";"11";16416;0;"";"R 08:30 AM - 09:20 AM";"ENGR0327";63;50;2
"COP3402";"LAB";"SYSTEMS SOFTWARE";"12";16417;0;"";"R 09:30 AM - 10:20 AM";"ENGR0327";63;50;4
"COP3502";"LEC";"COMPUTER SCIENCE I";"1";16631;3;"";"M W F 09:30 AM - 10:20 AM";"COMM0101";300;300;3
"COP3502";"LAB";"COMPUTER SCIENCE I";"11";16632;0;"";"M 02:30 PM - 03:20 PM";"BA 0225";46;43;1
"COP3502";"LAB";"COMPUTER SCIENCE I";"12";16633;0;"";"M 03:30 PM - 04:20 PM";"BA 0225";46;43;0
"COP3502";"LAB";"COMPUTER SCIENCE I";"13";16634;0;"";"W 02:30 PM - 03:20 PM";"BA 0225";46;43;0
"COP3502";"LAB";"COMPUTER SCIENCE I";"14";16635;0;"";"W 03:30 PM - 04:20 PM";"BA 0225";46;43;0
"COP3502";"LAB";"COMPUTER SCIENCE I";"15";16636;0;"";"F 10:30 AM - 11:20 AM";"HEC 0119";70;43;2
"COP3502";"LAB";"COMPUTER SCIENCE I";"16";16637;0;"";"F 11:20 AM - 12:20 PM";"HEC 0119";70;43;0
"COP3502";"LAB";"COMPUTER SCIENCE I";"17";16638;0;"";"F 12:30 PM - 01:20 PM";"HEC 0119";70;42;0
"COP3502";"LEC";"HONORS COMPUTER SCIENCE I";"201";16685;3;"";"T R 09:00 AM - 10:15 AM";"ENGR0224";49;20;8
"COP3503";"LEC";"COMPUTER SCIENCE II";"1";16418;3;"";"T R 01:30 PM - 02:45 PM";"ENG20102";169;150;11
"COP3503";"LAB";"COMPUTER SCIENCE II";"11";16419;0;"";"M 02:30 PM - 03:20 PM";"BA 0209";46;38;5
"COP3503";"LAB";"COMPUTER SCIENCE II";"12";16420;0;"";"M 03:30 PM - 04:20 PM";"BA 0209";46;38;1
"COP3503";"LAB";"COMPUTER SCIENCE II";"13";16421;0;"";"W 02:30 PM - 03:20 PM";"BA 0209";46;37;2
"COP3503";"LAB";"COMPUTER SCIENCE II";"14";16422;0;"";"W 03:30 PM - 04:20 PM";"BA 0209";46;37;3
"COP3930";"LEC";"ST: HON MATH MODEL & SCI COMP";"201";17920;3;"GUHA AR";"T R 12:00 PM - 01:15 PM";"BHC 0131";30;10;4
"COP4020";"LEC";"PROGRAMMING LANGUAGES I";"1";16424;3;"";"T R 04:30 PM - 05:45 PM";"CL1 0320";80;80;17
"COP4331";"LEC";"PROC OBJECT ORIENTED SOFTWARE";"1";16795;3;"";"T R 07:30 PM - 08:45 PM";"HPA 0112";172;120;17
"COP4331";"LAB";"PROC OBJECT ORIENTED SOFTWARE";"11";16796;0;"";"F 02:30 PM - 03:20 PM";"HEC 0119";70;60;7
"COP4331";"LAB";"PROC OBJECT ORIENTED SOFTWARE";"12";17922;0;"";"F 03:30 PM - 04:20 PM";"ENG20302";75;60;10
"COP4516";"LEC";"PROB SOLVING TECH & TEAM DYN";"1";16737;3;"OROOJI AL";"R 09:30 AM - 10:20 AM";"ENGR0227";36;25;2
"COP4516";"LAB";"PROB SOLVING TECH & TEAM DYN";"11";16314;0;"OROOJI AL";"F 09:00 AM - 11:45 AM";"HEC 0202";46;25;2
"COP4520";"LEC";"CONCEPTS PARALLEL DISTRIBUTED";"1";16799;3;"DECHEV DA";"M W 04:30 PM - 05:45 PM";"ENGR0227";36;36;3
"COP4600";"LEC";"OPERATING SYSTEMS";"1";16686;3;"";"M W 07:30 PM - 08:45 PM";"BA 0119";231;120;12
"COP4710";"LEC";"DATABASE SYSTEMS";"1";16425;3;"HUA KI";"T R 01:30 PM - 02:45 PM";"HEC 0117";70;70;6
"COP4910";"LEC";"FRONTIERS IN INFO TECHNOLOGY";"1";16426;3;"";"M W F 08:30 AM - 09:20 AM";"ENGR0227";36;36;10
"COP4935";"LEC";"SENIOR DESIGN II";"1";19469;3;"";"M W 03:00 PM - 04:15 PM";"ENGR0227";36;35;4
"COP5611";"LEC";"OPERATING SYSTEMS DESIGN PRIN";"1";16428;3;"";"M W 06:00 PM - 07:15 PM";"ENGR0227";36;35;0
"COP6731";"LEC";"ADVANCED DATABASE SYSTEMS";"1";17907;3;"";"M W 07:30 PM - 08:45 PM";"ENGR0227";36;35;1
"COT3100";"LEC";"INTRO TO DISCRETE STRUCTURES";"1";16431;3;"";"T R 04:30 PM - 05:45 PM";"COMM0101";300;300;7
"COT3100";"LAB";"INTRO TO DISCRETE STRUCTURES";"11";16432;0;"";"F 10:30 AM - 11:20 AM";"ENG20203";75;75;7
"COT3100";"LAB";"INTRO TO DISCRETE STRUCTURES";"12";16598;0;"";"F 11:30 AM - 12:20 PM";"ENG20203";75;75;0
"COT3100";"LAB";"INTRO TO DISCRETE STRUCTURES";"13";16670;0;"";"F 02:30 PM - 03:20 PM";"ENG20203";75;75;0
"COT3100";"LAB";"INTRO TO DISCRETE STRUCTURES";"14";16433;0;"";"F 03:30 PM - 04:20 PM";"ENG20203";75;75;0
"COT3100";"LEC";"HON INTRO TO DISCRETE STRUCT";"201";16735;3;"";"M W 07:30 PM - 08:45 PM";"ENGR0383";35;20;3
"COT4210";"LEC";"DISCRETE STRUCTURES II";"1";16435;3;"";"T R 10:30 AM - 11:45 AM";"HEC 0117";70;70;6
"COT4500";"LEC";"NUMERICAL CALCULUS";"1";16436;3;"";"M W F 09:30 AM - 10:20 AM";"ENG20302";75;70;10
"COT4810";"LEC";"TOPICS IN COMPUTER SCIENCE";"1";16437;3;"";"M W F 02:30 PM - 03:20 PM";"BA 0126";46;35;9
"COT5405";"LEC";"DESIGN & ANALYSIS ALGORITHMS";"1";16438;3;"";"T R 12:00 PM - 01:15 PM";"ENGR0227";36;35;1
"COT6410";"LEC";"COMPUTATIONAL COMPLEXITY";"1";16824;3;"";"T R 01:30 PM - 02:45 PM";"ENGR0227";36;35;2
"COT6602";"LEC";"INTRODUCTION TO QUANTUM INFORM";"1";16793;3;"";"T R 10:30 AM - 11:45 AM";"ENGR0227";36;35;0
"ECM6308";"LEC";"CUR TOPICS IN PARALLEL PROCESS";"0R01";17750;3;"DEMARA RO";"M W 01:30 PM - 02:45 PM";"ENG20103";58;30;0
"ECM6308";"LEC";"CUR TOPICS IN PARALLEL PROCESS";"0V71";17753;3;"DEMARA RO";"12:00 AM - 12:00 AM";"";0;10;0
"ECM6308";"LEC";"CUR TOPICS IN PARALLEL PROCESS";"0V81";17754;3;"DEMARA RO";"12:00 AM - 12:00 AM";"";0;10;0
"ECM6308";"LEC";"CUR TOPICS IN PARALLEL PROCESS";"0V83";17752;3;"DEMARA RO";"12:00 AM - 12:00 AM";"";0;10;0
"ECM6308";"LEC";"CUR TOPICS IN PARALLEL PROCESS";"0V91";17755;3;"DEMARA RO";"12:00 AM - 12:00 AM";"";0;0;0
"EEE3307";"LEC";"ELECTRONICS I";"1";16451;4;"YUAN JI";"M W 12:00 PM - 01:15 PM";"HEC 0118";70;70;7
"EEE3307";"LEC";"ELECTRONICS I";"2";19235;4;"YUAN JI";"T R 04:30 PM - 05:45 PM";"HEC 0118";70;70;3
"EEE3307";"LAB";"ELECTRONICS I";"11";16452;0;"YUAN JI";"M 09:00 AM - 11:50 AM";"ENGR0474";40;35;0
"EEE3307";"LAB";"ELECTRONICS I";"12";16453;0;"YUAN JI";"T 12:00 PM - 02:50 PM";"ENGR0474";40;35;6
"EEE3307";"LAB";"ELECTRONICS I";"13";19236;0;"YUAN JI";"W 09:00 AM - 11:50 AM";"ENGR0474";40;35;2
"EEE3307";"LAB";"ELECTRONICS I";"14";19237;0;"YUAN JI";"R 12:00 PM - 02:50 PM";"ENGR0474";40;35;2
"EEE3307";"LEC";"ELECTRONICS I";"50";18061;4;"ELASHHAB SH";"M 09:00 AM - 11:50 AM";"VW110244";24;24;0
"EEE3342";"LEC";"DIGITAL SYSTEMS";"1";16454;3;"SUBOH SU";"M W 10:30 AM - 11:45 AM";"HEC 0118";70;70;5
"EEE3342";"LEC";"DIGITAL SYSTEMS";"2";19218;3;"SUBOH SU";"T R 03:00 PM - 04:15 PM";"HEC 0118";70;70;3
"EEE3342";"LAB";"DIGITAL SYSTEMS";"11";16455;0;"SUBOH SU";"M 12:00 PM - 02:50 PM";"ENGR0257";40;35;4
"EEE3342";"LAB";"DIGITAL SYSTEMS";"12";16456;0;"SUBOH SU";"T 06:00 PM - 08:50 PM";"ENGR0257";40;35;1
"EEE3342";"LAB";"DIGITAL SYSTEMS";"13";16457;0;"SUBOH SU";"W 12:00 PM - 02:50 PM";"ENGR0257";40;35;2
"EEE3342";"LAB";"DIGITAL SYSTEMS";"14";19219;0;"SUBOH SU";"R 06:00 PM - 08:50 PM";"ENGR0257";40;35;1
"EEE3350";"LEC";"SEMICONDUCTOR DEVICES I";"1";16450;3;"MALOCHA DO";"T R 10:30 AM - 11:45 AM";"HEC 0110";60;60;4
"EEE3350";"LEC";"SEMICONDUCTOR DEVICES I";"50";18058;3;"";"R 06:00 PM - 08:50 PM";"VW110128";30;30;0
"EEE4309";"LEC";"ELECTRONICS II";"1";16463;4;"CHAN CH";"M W 12:00 PM - 01:15 PM";"HEC 0119";70;70;8
"EEE4309";"LAB";"ELECTRONICS II";"11";16464;0;"CHAN CH";"M 03:00 PM - 05:50 PM";"ENGR0474";40;35;5
"EEE4309";"LAB";"ELECTRONICS II";"12";16465;0;"CHAN CH";"W 03:00 PM - 05:50 PM";"ENGR0474";40;35;3
"EEE4463";"LEC";"MEMS DEVICES AND APPLICATIONS";"1";19262;3;"SUNDARAM KA";"T R 10:30 AM - 11:45 AM";"ENG20205";50;50;4
"EEE5332";"LEC";"THIN FILM TECHNOLOGY";"1";17424;3;"SUNDARAM KA";"T R 01:30 PM - 02:45 PM";"ENGR0383";35;10;0
"EEE5332";"LAB";"THIN FILM TECHNOLOGY";"11";17425;0;"SUNDARAM KA";"T 03:00 PM - 05:50 PM";"ENGR0163";10;5;0
"EEE5332";"LAB";"THIN FILM TECHNOLOGY";"12";17426;0;"SUNDARAM KA";"R 03:00 PM - 05:50 PM";"ENGR0163";10;5;0
"EEE5353";"LEC";"SEMICONDCT DEVICE MOD & SIM";"0R01";16481;3;"YUAN JI";"M W 09:00 AM - 10:15 AM";"ENG20103";58;58;0
"EEE5353";"LEC";"SEMICONDCT DEVICE MOD & SIM";"0V71";16599;3;"YUAN JI";"12:00 AM - 12:00 AM";"";0;10;0
"EEE5353";"LEC";"SEMICONDCT DEVICE MOD & SIM";"0V81";16479;3;"YUAN JI";"12:00 AM - 12:00 AM";"";0;10;0
"EEE5353";"LEC";"SEMICONDCT DEVICE MOD & SIM";"0V83";16478;3;"YUAN JI";"12:00 AM - 12:00 AM";"";0;10;0
"EEE5353";"LEC";"SEMICONDCT DEVICE MOD & SIM";"0V91";16480;3;"YUAN JI";"12:00 AM - 12:00 AM";"";0;0;0
"EEE5370";"LEC";"OPERATIONAL AMPLIFIERS";"0R01";19238;3;"WEEKS AR";"T R 01:30 PM - 02:45 PM";"ENG20103";58;58;1
"EEE5370";"LEC";"OPERATIONAL AMPLIFIERS";"0V71";19240;3;"WEEKS AR";"";"";0;10;0
"EEE5370";"LEC";"OPERATIONAL AMPLIFIERS";"0V81";19241;3;"WEEKS AR";"";"";0;10;0
"EEE5370";"LEC";"OPERATIONAL AMPLIFIERS";"0V83";19239;3;"WEEKS AR";"";"";0;25;0
"EEE5370";"LEC";"OPERATIONAL AMPLIFIERS";"0V91";19242;3;"WEEKS AR";"";"";0;0;0
"EEL3004";"LEC";"ELECTRICAL NETWORKS";"1";16724;3;"CHAN CH";"M W 03:00 PM - 04:15 PM";"HEC 0118";70;70;1
"EEL3004";"LEC";"ELECTRICAL NETWORKS";"2";17606;3;"FAHIM AZ";"T R 10:30 AM - 11:45 AM";"HEC 0118";70;70;2
"EEL3004";"LEC";"ELECTRICAL NETWORKS";"3";19243;3;"CHAN CH";"T R 01:30 PM - 02:45 PM";"HEC 0119";70;70;2
"EEL3004";"DIS";"ELECTRICAL NETWORKS";"11";19599;0;"";"M 01:00 PM - 02:50 PM";"ENGR0383";35;35;1
"EEL3004";"DIS";"ELECTRICAL NETWORKS";"12";19600;0;"";"W 01:00 PM - 02:50 PM";"ENGR0383";35;35;4
"EEL3004";"DIS";"ELECTRICAL NETWORKS";"13";19601;0;"";"T 04:00 PM - 05:50 PM";"CL1 0319";75;35;0
"EEL3004";"DIS";"ELECTRICAL NETWORKS";"14";19602;0;"";"T 07:30 AM - 09:20 AM";"ENGR0286";32;35;0
"EEL3004";"DIS";"ELECTRICAL NETWORKS";"15";19603;0;"";"R 07:30 AM - 09:20 AM";"ENGR0286";32;35;0
"EEL3004";"DIS";"ELECTRICAL NETWORKS";"16";19604;0;"";"R 04:30 PM - 06:20 PM";"BA 0213";42;35;0
"EEL3004";"LEC";"HONORS ELECTRICAL NETWORKS";"201";19605;3;"SIMAAN MA";"T R 03:00 PM - 04:15 PM";"HEC 0110";60;20;1
"EEL3004";"LAB";"HONORS ELECTRICAL NETWORKS";"211";19606;0;"SIMAAN MA";"R 04:30 PM - 06:20 PM";"BHC 0127";30;20;1
"EEL3123";"LEC";"NETWORKS AND SYSTEMS";"1";16659;4;"HARALAMBOU MI";"M W 09:00 AM - 10:15 AM";"HEC 0118";70;70;2
"EEL3123";"LEC";"NETWORKS AND SYSTEMS";"2";17611;4;"WAHID PA";"T R 01:30 PM - 02:45 PM";"HEC 0118";70;70;3
"EEL3123";"LAB";"NETWORKS AND SYSTEMS";"11";16660;0;"HARALAMBOU MI";"M 12:00 PM - 02:50 PM";"ENGR0474";40;35;2
"EEL3123";"LAB";"NETWORKS AND SYSTEMS";"12";16661;0;"HARALAMBOU MI";"T 09:00 AM - 11:50 AM";"ENGR0474";40;35;1
"EEL3123";"LAB";"NETWORKS AND SYSTEMS";"13";16662;0;"HARALAMBOU MI";"W 12:00 PM - 02:50 PM";"ENGR0474";40;35;2
"EEL3123";"LAB";"NETWORKS AND SYSTEMS";"14";17612;0;"HARALAMBOU MI";"R 09:00 AM - 11:50 AM";"ENGR0474";40;35;0
"EEL3470";"LEC";"ELECTROMAGNETIC FIELDS";"1";16458;3;"GONG XU";"M W 09:00 AM - 10:15 AM";"HEC 0117";70;70;7
"EEL3552";"LEC";"ANALOG & DIGITAL COM FUND";"1";16459;4;"WEI LE";"M W 03:00 PM - 04:15 PM";"HEC 0119";70;70;5
"EEL3552";"LAB";"ANALOG & DIGITAL COM FUND";"11";16460;0;"WEI LE";"M 12:00 PM - 02:50 PM";"ENGR0471";26;24;1
"EEL3552";"LAB";"ANALOG & DIGITAL COM FUND";"12";16461;0;"WEI LE";"W 12:00 PM - 02:50 PM";"ENGR0471";26;23;2
"EEL3552";"LAB";"ANALOG & DIGITAL COM FUND";"13";17613;0;"WEI LE";"F 12:00 PM - 02:50 PM";"ENGR0471";26;23;2
"EEL3657";"LEC";"LINEAR CONTROL SYSTEMS";"1";16462;3;"HARALAMBOU MI";"M W 09:00 AM - 10:15 AM";"HEC 0110";60;60;12
"EEL3657";"LEC";"LINEAR CONTROL SYSTEMS";"50";18060;3;"ELASHHAB SH";"T 01:00 PM - 03:50 PM";"VW110338";40;30;6
"EEL3801";"LEC";"COMPUTER ORGANIZATION";"1";17781;3;"SUBOH SU";"M W 04:30 PM - 05:45 PM";"ENG20203";75;70;2
"EEL3801";"LEC";"COMPUTER ORGANIZATION";"2";19244;3;"SUBOH SU";"T R 12:00 PM - 01:15 PM";"HEC 0118";70;70;6
"EEL3801";"LAB";"COMPUTER ORGANIZATION";"11";17782;0;"SUBOH SU";"M 06:00 PM - 08:50 PM";"ENGR0257";40;35;3
"EEL3801";"LAB";"COMPUTER ORGANIZATION";"12";17783;0;"SUBOH SU";"T 12:00 PM - 02:50 PM";"ENGR0257";40;35;0
"EEL3801";"LAB";"COMPUTER ORGANIZATION";"13";19245;0;"SUBOH SU";"W 06:00 PM - 08:50 PM";"ENGR0257";40;35;5
"EEL3801";"LAB";"COMPUTER ORGANIZATION";"14";19246;0;"SUBOH SU";"R 12:00 PM - 02:50 PM";"ENGR0257";40;35;0
"EEL3801";"LEC";"COMPUTER ORGANIZATION";"50";18059;3;"ELASHHAB SH";"W 09:00 AM - 11:50 AM";"VW110244";24;24;0
"EEL3930";"LEC";"HON SPECIAL TOPIC";"201";19292;3;"";"T R 03:00 PM - 04:15 PM";"HEC 0110";60;10;0
"EEL4216";"LEC";"FUNDAMENTALS OF ELECTRIC POWER";"1";17785;3;"LOTFIFARD SA";"T R 03:00 PM - 04:15 PM";"ENG20205";50;50;7
"EEL4612";"LEC";"INTRO TO MOD & ROBUST CONTROL";"1";19259;4;"BEHAL AM";"M W 09:00 AM - 10:15 AM";"ENGR0383";35;24;3
"EEL4612";"LAB";"INTRO TO MOD & ROBUST CONTROL";"11";19260;0;"BEHAL AM";"M 12:00 PM - 02:50 PM";"HEC 0338";30;12;2
"EEL4612";"LAB";"INTRO TO MOD & ROBUST CONTROL";"12";19261;0;"BEHAL AM";"W 12:00 PM - 02:50 PM";"HEC 0338";30;12;1
"EEL4742";"LEC";"EMBEDDED SYSTEMS";"1";16467;4;"WEEKS AR";"M W 01:30 PM - 02:45 PM";"HEC 0118";70;70;17
"EEL4742";"LEC";"EMBEDDED SYSTEMS";"2";19247;4;"WEEKS AR";"T R 09:00 AM - 10:15 AM";"HEC 0118";70;70;2
"EEL4742";"LAB";"EMBEDDED SYSTEMS";"11";16468;0;"WEEKS AR";"M 03:00 PM - 05:50 PM";"ENGR0257";40;35;5
"EEL4742";"LAB";"EMBEDDED SYSTEMS";"12";16469;0;"WEEKS AR";"T 09:00 AM - 11:50 AM";"ENGR0257";40;35;7
"EEL4742";"LAB";"EMBEDDED SYSTEMS";"13";16470;0;"WEEKS AR";"W 03:00 PM - 05:50 PM";"ENGR0257";40;35;4
"EEL4742";"LAB";"EMBEDDED SYSTEMS";"14";17607;0;"WEEKS AR";"R 09:00 AM - 11:50 AM";"ENGR0257";40;35;3
"EEL4750";"LEC";"DIGITAL SIGNAL PROCESSING FUND";"1";16466;3;"MIKHAEL WA";"M W 12:00 PM - 01:15 PM";"HEC 0117";70;70;8
"EEL4768";"LEC";"COMPUTER ARCHITECTURE";"1";16471;3;"ABICHAR ZA";"M W 03:00 PM - 04:15 PM";"HEC 0117";70;70;14
"EEL4768";"LEC";"COMPUTER ARCHITECTURE";"2";17608;3;"ABICHAR ZA";"T R 10:30 AM - 11:45 AM";"HEC 0119";70;70;9
"EEL4781";"LEC";"COMPUTER COM NETWORKS";"1";16475;3;"CHATTERJEE MA";"M W 04:30 PM - 05:45 PM";"HEC 0110";60;60;17
"EEL4783";"LEC";"HDL IN DIGITAL SYSTEMS DESIGN";"1";17784;3;"LIN MI";"T R 04:30 PM - 05:45 PM";"HEC 0110";60;60;4
"EEL4890";"LEC";"CONTINUOUS SYSTEM SIMULATION I";"1";19263;3;"HARALAMBOU MI";"T R 01:30 PM - 02:45 PM";"ENG20205";50;50;2
"EEL4914";"LEC";"SENIOR DESIGN I";"1";16476;3;"RICHIE SA";"T R 09:00 AM - 10:15 AM";"HEC 0119";70;70;3
"EEL4915";"LAB";"SENIOR DESIGN II";"11";16477;3;"RICHIE SA";"F 09:00 AM - 11:50 AM";"HEC 0118";70;70;9
"EEL4915";"LAB";"SENIOR DESIGN II";"12";17803;3;"RICHIE SA";"F 12:00 PM - 02:50 PM";"HEC 0118";70;70;10
"EEL5173";"LEC";"LINEAR SYSTEMS THEORY";"0R01";19607;3;"SEYEDI-ESF SE";"T R 09:00 AM - 10:15 AM";"ENGR0384";62;40;0
"EEL5173";"LEC";"LINEAR SYSTEMS THEORY";"0V71";19609;3;"SEYEDI-ESF SE";"";"";0;10;0
"EEL5173";"LEC";"LINEAR SYSTEMS THEORY";"0V81";19610;3;"SEYEDI-ESF SE";"";"";0;10;0
"EEL5173";"LEC";"LINEAR SYSTEMS THEORY";"0V83";19608;3;"SEYEDI-ESF SE";"";"";0;10;0
"EEL5173";"LEC";"LINEAR SYSTEMS THEORY";"0V91";19611;3;"SEYEDI-ESF SE";"";"";0;0;0
"EEL5185";"LEC";"SYSTEM IDENTIFICATION";"0R01";17757;3;"BEHAL AM";"M W 03:00 PM - 04:15 PM";"ENGR0384";62;62;1
"EEL5185";"LEC";"SYSTEM IDENTIFICATION";"0V71";17760;3;"BEHAL AM";"12:00 AM - 12:00 AM";"";0;10;0
"EEL5185";"LEC";"SYSTEM IDENTIFICATION";"0V81";17761;3;"BEHAL AM";"12:00 AM - 12:00 AM";"";0;10;0
"EEL5185";"LEC";"SYSTEM IDENTIFICATION";"0V83";17759;3;"BEHAL AM";"12:00 AM - 12:00 AM";"";0;10;0
"EEL5185";"LEC";"SYSTEM IDENTIFICATION";"0V91";17762;3;"BEHAL AM";"12:00 AM - 12:00 AM";"";0;0;0
"EEL5432";"LEC";"SATELLITE REMOTE SENSING";"0R01";19248;3;"JONES W";"T R 12:00 PM - 01:15 PM";"ENG20103";58;58;0
"EEL5432";"LEC";"SATELLITE REMOTE SENSING";"0V71";19250;3;"JONES W";"";"";0;10;0
"EEL5432";"LEC";"SATELLITE REMOTE SENSING";"0V81";19251;3;"JONES W";"";"";0;10;0
"EEL5432";"LEC";"SATELLITE REMOTE SENSING";"0V83";19249;3;"JONES W";"";"";0;10;0
"EEL5432";"LEC";"SATELLITE REMOTE SENSING";"0V91";19252;3;"JONES W";"";"";0;0;0
"EEL5439";"LEC";"RF & MICROWAVE COMMUNICATIONS";"1";16663;4;"GONG XU";"T R 04:30 PM - 05:45 PM";"ENGR0383";35;18;0
"EEL5439";"LAB";"RF & MICROWAVE COMMUNICATIONS";"11";16664;0;"GONG XU";"T 09:00 AM - 11:50 AM";"ENGR0461";16;6;0
"EEL5439";"LAB";"RF & MICROWAVE COMMUNICATIONS";"12";16665;0;"GONG XU";"R 09:00 AM - 11:50 AM";"ENGR0461";16;6;0
"EEL5439";"LAB";"RF & MICROWAVE COMMUNICATIONS";"13";16666;0;"GONG XU";"F 09:00 AM - 11:50 AM";"ENGR0461";16;6;0
"EEL5513";"LEC";"DIGITAL SIGNAL PROCESSING APPL";"1";16583;3;"MIKHAEL WA";"M W 10:30 AM - 11:45 AM";"ENG20205";50;30;0
"EEL6358";"LEC";"ADVANCED SEMICONDCT DEVICE I";"0R01";17763;3;"LIOU JU";"T R 12:00 PM - 01:15 PM";"BA 0216";30;20;1
"EEL6358";"LEC";"ADVANCED SEMICONDCT DEVICE I";"0V71";17766;3;"LIOU JU";"12:00 AM - 12:00 AM";"";0;10;0
"EEL6358";"LEC";"ADVANCED SEMICONDCT DEVICE I";"0V81";17767;3;"LIOU JU";"12:00 AM - 12:00 AM";"";0;10;0
"EEL6358";"LEC";"ADVANCED SEMICONDCT DEVICE I";"0V83";17765;3;"LIOU JU";"12:00 AM - 12:00 AM";"";0;10;0
"EEL6358";"LEC";"ADVANCED SEMICONDCT DEVICE I";"0V91";17768;3;"LIOU JU";"12:00 AM - 12:00 AM";"";0;0;0
"EEL6481";"LEC";"NUMERICAL TECH IN ELECTROMAG";"0R01";19253;3;"WU XI";"T R 04:30 PM - 05:45 PM";"BA 0216A";25;20;0
"EEL6481";"LEC";"NUMERICAL TECH IN ELECTROMAG";"0V71";19255;3;"WU XI";"";"";0;10;0
"EEL6481";"LEC";"NUMERICAL TECH IN ELECTROMAG";"0V81";19256;3;"WU XI";"";"";0;10;0
"EEL6481";"LEC";"NUMERICAL TECH IN ELECTROMAG";"0V83";19254;3;"WU XI";"";"";0;10;0
"EEL6481";"LEC";"NUMERICAL TECH IN ELECTROMAG";"0V91";19257;3;"WU XI";"";"";0;0;0
"EEL6530";"LEC";"COMMUNICATION THEORY";"0R01";16605;3;"WEI LE";"M W 09:00 AM - 10:15 AM";"ENGR0386A";40;40;0
"EEL6530";"LEC";"COMMUNICATION THEORY";"0V71";16603;3;"WEI LE";"12:00 AM - 12:00 AM";"";0;10;0
"EEL6530";"LEC";"COMMUNICATION THEORY";"0V81";16604;3;"WEI LE";"12:00 AM - 12:00 AM";"";0;10;0
"EEL6530";"LEC";"COMMUNICATION THEORY";"0V83";16602;3;"WEI LE";"12:00 AM - 12:00 AM";"";0;10;0
"EEL6530";"LEC";"COMMUNICATION THEORY";"0V91";16486;3;"WEI LE";"12:00 AM - 12:00 AM";"";0;0;0
"EEL6762";"LEC";"PERF ANALY COMP & COM SYSTEMS";"0R01";17775;3;"WANG JU";"M W 04:30 PM - 05:45 PM";"ENGR0388";49;25;0
"EEL6762";"LEC";"PERF ANALY COMP & COM SYSTEMS";"0V71";17778;3;"WANG JU";"12:00 AM - 12:00 AM";"";0;10;0
"EEL6762";"LEC";"PERF ANALY COMP & COM SYSTEMS";"0V81";17779;3;"WANG JU";"12:00 AM - 12:00 AM";"";0;10;0
"EEL6762";"LEC";"PERF ANALY COMP & COM SYSTEMS";"0V83";17777;3;"WANG JU";"12:00 AM - 12:00 AM";"";0;10;0
"EEL6762";"LEC";"PERF ANALY COMP & COM SYSTEMS";"0V91";17780;3;"WANG JU";"12:00 AM - 12:00 AM";"";0;0;0
"EGN3211";"LEC";"ENG ANALYSIS & COMPUTATION";"1";17756;3;"ABICHAR ZA";"M W 09:00 AM - 10:15 AM";"HEC 0119";70;70;3
"EGN3211";"LEC";"ENG ANALYSIS & COMPUTATION";"2";19258;3;"ABICHAR ZA";"T R 04:30 PM - 05:45 PM";"HEC 0117";70;70;4
"EGN3373";"LEC";"PRINCIPLES OF ELECTRICAL ENG";"1";16753;3;"FAHIM AZ";"T R 04:30 PM - 05:45 PM";"PSY 0108";378;300;24
"EGN4931";"LEC";"HONORS ENGINEERING SEMINAR";"201";16650;3;"GONZALEZ AV";"M W 03:00 PM - 04:15 PM";"ENGR0383";35;20;17
