"course";"type";"title";"section_num";"class_num";"credit_hrs";"professor";"times";"room";"room_cap";"class_cap";"num_enrolled"
"CDA3103";"LEC";"COMPUTER LOGIC A ORGANIZATION";"C001";58566;3;"MONTAGNE EU";"M W 10:00 AM - 11:50 AM";"HEC 0117";70;70;34
"CDA3103";"LAB";"COMPUTER LOGIC A ORGANIZATION";"C011";58567;0;"MONTAGNE EU";"M 12:00 PM - 12:50 PM";"ENGR0227";36;35;31
"CDA3103";"LAB";"COMPUTER LOGIC A ORGANIZATION";"C012";58568;0;"MONTAGNE EU";"M 01:00 PM - 01:50 PM";"ENGR0227";36;35;3
"CGS1060";"LEC";"INTRODUCTION TO COMPUTERS";"CW61";57980;3;"NEDOROST TH";"12:00 AM - 12:00 AM";"";0;300;42
"CGS2100";"LEC";"COMPUTER FUND FOR BUSINESS";"CW61";57846;3;"ABDALLAH NA";"12:00 AM - 12:00 AM";"";0;300;32
"CGS3269";"LEC";"COMPUTER ARCHITECTURE CONCEPTS";"C001";58738;3;"NEDOROST TH";"M W 10:00 AM - 11:50 AM";"ENG20302";75;75;10
"CGS3763";"LEC";"OPERATING SYSTEM CONCEPTS";"C001";58569;3;"";"M W 12:00 PM - 01:50 PM";"HEC 0117";70;70;16
"CIS3003";"LEC";"FUND INFORMATION TECHNOLOGY";"C001";58570;3;"ABDALLAH NA";"T R 10:00 AM - 11:50 AM";"HEC 0117";70;70;15
"CIS3360";"LEC";"SECURITY IN COMPUTING";"CR01";58432;3;"LAZAR JO";"12:00 AM - 12:00 AM";"";0;150;24
"CNT3004";"LEC";"COMPUTER NETWORK CONCEPTS";"C001";58454;3;"CHATTERJEE MA";"M W 06:00 PM - 07:50 PM";"HEC 0119";70;70;8
"CNT4703";"LAB";"DESIGN & IMPL COMP COM NETWK";"C011";57922;0;"EISLER AN";"M 01:00 PM - 02:50 PM";"HEC 0322";40;13;13
"CNT4703";"LAB";"DESIGN & IMPL COMP COM NETWK";"C012";57923;0;"EISLER AN";"T 01:00 PM - 02:50 PM";"HEC 0322";40;13;11
"CNT4703";"LEC";"DESIGN & IMPL COMP COM NETWK";"CR01";57921;3;"EISLER AN";"12:00 AM - 12:00 AM";"";0;24;24
"CNT4714";"LEC";"ENTERPRISE COMPUTING";"C001";58868;3;"LLEWELLYN MA";"T R 10:00 AM - 11:50 AM";"BA2 0210";74;74;10
"COP2500";"LEC";"CONCEPTS IN COMPUTER SCIENCE";"C001";57907;4;"";"T R 04:00 PM - 05:50 PM";"ENG20102";169;150;27
"COP2500";"LAB";"CONCEPTS IN COMPUTER SCIENCE";"C011";57908;0;"";"R 10:00 AM - 11:50 AM";"ENGR0188";32;30;3
"COP2500";"LAB";"CONCEPTS IN COMPUTER SCIENCE";"C012";57909;0;"";"R 12:00 PM - 01:50 PM";"ENGR0188";32;30;4
"COP2500";"LAB";"CONCEPTS IN COMPUTER SCIENCE";"C013";58750;0;"";"R 02:00 PM - 03:50 PM";"ENGR0188";32;30;19
"COP2500";"LAB";"CONCEPTS IN COMPUTER SCIENCE";"C014";59769;0;"";"W 10:00 AM - 11:50 AM";"ENGR0188";32;30;1
"COP2500";"LAB";"CONCEPTS IN COMPUTER SCIENCE";"C015";59770;0;"";"W 12:00 PM - 01:50 PM";"ENGR0188";32;30;0
"COP3223";"LEC";"INTRO TO PROGRAMMING WITH C";"C001";57848;3;"";"M W 02:00 PM - 03:50 PM";"CL1 0121";384;250;31
"COP3330";"LEC";"OBJECT ORIENTED PROGRAMMING";"C001";57849;3;"EISLER AN";"M W 04:00 PM - 05:50 PM";"COMM0101";300;250;51
"COP3402";"LEC";"SYSTEMS SOFTWARE";"C001";58571;3;"MONTAGNE EU";"M W 02:00 PM - 03:50 PM";"HEC 0117";70;70;19
"COP3402";"LAB";"SYSTEMS SOFTWARE";"C011";58572;0;"MONTAGNE EU";"W 12:00 PM - 12:50 PM";"ENGR0227";36;35;1
"COP3402";"LAB";"SYSTEMS SOFTWARE";"C012";58573;0;"MONTAGNE EU";"W 01:00 PM - 01:50 PM";"ENGR0227";36;35;18
"COP3502";"LEC";"COMPUTER SCIENCE I";"C001";57850;3;"";"T R 12:00 PM - 01:50 PM";"CL1 0121";384;250;66
"COP3502";"LAB";"COMPUTER SCIENCE I";"C011";57916;0;"";"R 04:00 PM - 06:50 PM";"HEC 0119";70;63;6
"COP3502";"LAB";"COMPUTER SCIENCE I";"C012";57917;0;"";"R 05:00 PM - 05:50 PM";"HEC 0110";60;63;14
"COP3502";"LAB";"COMPUTER SCIENCE I";"C013";58532;0;"";"R 02:00 PM - 02:50 PM";"HEC 0119";70;62;39
"COP3502";"LAB";"COMPUTER SCIENCE I";"C014";58735;0;"";"R 03:00 PM - 03:50 PM";"HEC 0119";70;62;7
"COP3503";"LEC";"COMPUTER SCIENCE II";"C001";58574;3;"";"T R 04:00 PM - 05:50 PM";"HPA 0125";100;100;39
"COP3503";"LAB";"COMPUTER SCIENCE II";"C011";58575;0;"";"T 03:00 PM - 03:50 PM";"ENGR0227";36;34;24
"COP3503";"LAB";"COMPUTER SCIENCE II";"C012";58576;0;"";"R 02:00 PM - 02:50 PM";"ENGR0227";36;33;5
"COP3503";"LAB";"COMPUTER SCIENCE II";"C013";58817;0;"";"R 03:00 PM - 03:50 PM";"ENGR0227";36;33;10
"COP4020";"LEC";"PROGRAMMING LANGUAGES I";"C001";57852;3;"MONTAGNE EU";"M W 12:00 PM - 01:50 PM";"HEC 0110";60;60;19
"COP4331";"LEC";"PROC OBJECT ORIENTED SOFTWARE";"C001";58836;3;"";"T R 12:00 PM - 01:50 PM";"HEC 0117";70;70;27
"COP4331";"LAB";"PROC OBJECT ORIENTED SOFTWARE";"C011";58837;0;"";"R 04:00 PM - 05:50 PM";"HEC 0118";70;70;27
"COP4600";"LEC";"OPERATING SYSTEMS";"C001";57853;3;"LLEWELLYN MA";"T R 02:00 PM - 03:50 PM";"HPA 0112";172;120;36
"COP4910";"LEC";"FRONTIERS IN INFO TECHNOLOGY";"C001";59482;3;"LLEWELLYN MA";"T R 12:00 PM - 01:50 PM";"ENGR0227";36;36;16
"COT3100";"LEC";"INTRO TO DISCRETE STRUCTURES";"C001";57859;3;"";"T R 02:00 PM - 03:50 PM";"BA 0119";231;150;33
"COT3100";"LAB";"INTRO TO DISCRETE STRUCTURES";"C011";57860;0;"";"R 12:00 PM - 12:50 PM";"HEC 0110";60;50;5
"COT3100";"LAB";"INTRO TO DISCRETE STRUCTURES";"C012";57861;0;"";"R 01:00 PM - 01:50 PM";"HEC 0110";60;50;7
"COT3100";"LAB";"INTRO TO DISCRETE STRUCTURES";"C013";58958;0;"";"R 04:00 PM - 04:50 PM";"HEC 0110";60;50;21
"COT4210";"LEC";"DISCRETE STRUCTURES II";"C001";58721;3;"LANG SH";"M W 02:00 PM - 03:50 PM";"ENG20302";75;75;6
"COT4810";"LEC";"TOPICS IN COMPUTER SCIENCE";"C001";57862;3;"OROOJI AL";"M W 10:00 AM - 11:50 AM";"ENGR0227";36;35;22
"EEE3307";"LEC";"ELECTRONICS I";"C001";58563;4;"YUAN JI";"T R 10:00 AM - 11:50 AM";"HEC 0118";70;70;42
"EEE3307";"LAB";"ELECTRONICS I";"C011";58564;0;"YUAN JI";"W 12:00 PM - 02:50 PM";"ENGR0474";40;35;23
"EEE3307";"LAB";"ELECTRONICS I";"C012";58565;0;"YUAN JI";"W 06:00 PM - 08:50 PM";"ENGR0474";40;35;19
"EEE3342";"LEC";"DIGITAL SYSTEMS";"C001";58840;3;"WEEKS AR";"M W 02:00 PM - 03:50 PM";"HEC 0118";70;70;11
"EEE3342";"LAB";"DIGITAL SYSTEMS";"C011";58841;0;"WEEKS AR";"M 06:00 PM - 08:50 PM";"ENGR0257";40;35;6
"EEE3342";"LAB";"DIGITAL SYSTEMS";"C012";58842;0;"WEEKS AR";"W 06:00 PM - 08:50 PM";"ENGR0257";40;35;5
"EEE3350";"LEC";"SEMICONDUCTOR DEVICES I";"C001";58843;3;"CHAN CH";"M W 04:00 PM - 05:50 PM";"HEC 0117";70;70;18
"EEE4309";"LEC";"ELECTRONICS II";"C001";58473;4;"YUAN JI";"M W 10:00 AM - 11:50 AM";"HEC 0118";70;70;39
"EEE4309";"LAB";"ELECTRONICS II";"C011";58474;0;"YUAN JI";"M 12:00 PM - 02:50 PM";"ENGR0474";40;35;32
"EEE4309";"LAB";"ELECTRONICS II";"C012";58475;0;"YUAN JI";"M 06:00 PM - 08:50 PM";"ENGR0474";40;35;7
"EEL3004";"LEC";"ELECTRICAL NETWORKS";"C001";57918;3;"SUNDARAM KA";"T R 08:00 AM - 09:50 AM";"HEC 0117";70;70;19
"EEL3004";"DIS";"ELECTRICAL NETWORKS";"C011";59906;0;"";"T 10:00 AM - 12:50 PM";"ENGR0224";49;35;15
"EEL3004";"DIS";"ELECTRICAL NETWORKS";"C012";59907;0;"";"R 10:00 AM - 12:50 PM";"ENGR0224";49;35;4
"EEL3123";"LEC";"NETWORKS AND SYSTEMS";"C001";57926;4;"WAHID PA";"T R 12:00 PM - 01:50 PM";"HEC 0118";70;70;29
"EEL3123";"LAB";"NETWORKS AND SYSTEMS";"C011";57927;0;"WAHID PA";"R 09:00 AM - 11:50 AM";"ENGR0474";40;35;22
"EEL3123";"LAB";"NETWORKS AND SYSTEMS";"C012";57928;0;"WAHID PA";"R 06:00 PM - 08:50 PM";"ENGR0474";40;35;7
"EEL3552";"LEC";"ANALOG & DIGITAL COM FUND";"C001";58844;4;"WEI LE";"T R 04:00 PM - 05:50 PM";"HEC 0117";70;70;37
"EEL3552";"LAB";"ANALOG & DIGITAL COM FUND";"C011";58845;0;"WEI LE";"T 12:00 PM - 02:50 PM";"ENGR0474";40;35;13
"EEL3552";"LAB";"ANALOG & DIGITAL COM FUND";"C012";58846;0;"WEI LE";"T 06:00 PM - 08:50 PM";"ENGR0474";40;35;24
"EEL3657";"LEC";"LINEAR CONTROL SYSTEMS";"C001";58486;3;"BEHAL AM";"T R 02:00 PM - 03:50 PM";"HEC 0118";70;70;17
"EEL3801";"LEC";"COMPUTER ORGANIZATION";"C001";58658;3;"ABICHAR ZA";"M W 12:00 PM - 01:50 PM";"HEC 0118";70;70;39
"EEL3801";"LAB";"COMPUTER ORGANIZATION";"C011";58815;0;"ABICHAR ZA";"M 03:00 PM - 05:50 PM";"ENGR0257";40;35;21
"EEL3801";"LAB";"COMPUTER ORGANIZATION";"C012";58816;0;"ABICHAR ZA";"W 03:00 PM - 05:50 PM";"ENGR0257";40;35;18
"EEL4742";"LEC";"EMBEDDED SYSTEMS";"C001";57865;4;"WEEKS AR";"T R 08:00 AM - 09:50 AM";"HEC 0118";70;70;49
"EEL4742";"LAB";"EMBEDDED SYSTEMS";"C011";57866;0;"WEEKS AR";"T 12:00 PM - 02:50 PM";"ENGR0257";40;35;35
"EEL4742";"LAB";"EMBEDDED SYSTEMS";"C012";57867;0;"WEEKS AR";"R 12:00 PM - 02:50 PM";"ENGR0257";40;35;14
"EEL4750";"LEC";"DIGITAL SIGNAL PROCESSING FUND";"C001";58847;3;"CHAN CH";"M W 08:00 AM - 09:50 AM";"HEC 0117";70;70;21
"EEL4768";"LEC";"COMPUTER ARCHITECTURE";"C001";58848;3;"ABICHAR ZA";"M W 08:00 AM - 09:50 AM";"HEC 0118";70;70;60
"EEL4914";"LEC";"SENIOR DESIGN I";"C001";57868;3;"RICHIE SA";"T R 08:00 AM - 09:50 AM";"HEC 0119";70;70;25
"EEL4915";"LAB";"SENIOR DESIGN II";"C011";57869;3;"RICHIE SA";"F 08:00 AM - 11:50 AM";"HEC 0118";70;70;16
"EGN3211";"LEC";"ENG ANALYSIS & COMPUTATION";"C050";59549;3;"ELASHHAB SH";"F 09:00 AM - 12:50 PM";"VW110117";46;40;15
"PHY2048";"LEC";"Physics for Engineers & Scientists I";"C001";52669;4;"Elena Flitsiyan";"M T W R 08:00AM - 08:50AM";"MSB 0359";0;0;0
"PHY2048";"LAB";"Physics for Engineers & Scientists I";"C011";55989;0;"Elena Flitsiyan";"M 09:00AM - 11:50AM";"MSB 0339";0;0;0
"PHY2048";"LAB";"Physics for Engineers & Scientists I";"C012";55990;0;"Elena Flitsiyan";"M 01:30PM - 4:30PM";"MSB 0339";0;0;0
"PHY2048";"LAB";"Physics for Engineers & Scientists I";"C013";55991;0;"Elena Flitsiyan";"T 09:00AM - 11:50AM";"MSB 0339";0;0;0
"PHY2049";"LEC";"Physics for Engineers and Scientists II";"C001";52670;4;"Leonid Chernyak";"M T W R 09:00AM - 09:50AM";"";0;0;0
"PHY2049";"LAB";"Physics for Engineers and Scientists II";"C011";55992;0;"Leonid Chernyak";"M 10:00AM - 12:50AM";"";0;0;0
"PHY2049";"LAB";"Physics for Engineers and Scientists II";"C012";55993;0;"Leonid Chernyak";"M 01:00PM - 3:50PM";"";0;0;0
"PHY2049";"LAB";"Physics for Engineers and Scientists II";"C013";55994;0;"Leonid Chernyak";"T 10:00AM - 12:50PM";"";0;0;0
"BSC2010";"LEC";"Biology I";"B001";54647;4;"Karen Yeargain";"M T W R 10:00AM - 11:50AM";"";0;0;0
"BSC2010";"LAB";"Biology I";"B011";52939;0;"Karen Yeargain";"M W 07:30AM - 09:20AM";"";0;0;0
"BSC2010";"LAB";"Biology I";"B012";52940;0;"Karen Yeargain";"M W 12:30PM - 02:20PM";"";0;0;0
"BSC2010";"LAB";"Biology I";"B013";52941;0;"Karen Yeargain";"T R 07:30AM - 09:20AM";"";0;0;0
"BSC2010";"LAB";"Biology I";"B014";55078;0;"Karen Yeargain";"T R 12:30PM - 02:20PM";"";0;0;0
"BSC2011";"LEC";"Biology II";"A001";56236;4;"Karen Yeargain";"M T W R 10:00AM - 11:50AM";"";0;0;0
"BSC2011";"LAB";"Biology II";"A012";56239;0;"Karen Yeargain";"T R 07:30AM - 09:20AM";"";0;0;0
"BSC2011";"LAB";"Biology II";"A014";59784;0;"Karen Yeargain";"T R 12:30PM - 02:20PM";"";0;0;0
"MAS3105";"LEC";"Matrix and Linear Algebra";"C002";59809;4;"Staff";"M T W R 09:30AM - 10:40AM";"MSB 0109";0;0;0
"STA4163";"LEC";"Statistical Methods II";"A001";55877;3;"Chung-Ching Wang";"M T W R 02:00PM - 03:50PM";"BA 0213";0;0;0
